Date,Canadian Dollar,UK Pound,U.S. Dollar
2/1/2007,1.1649,1.9701,1
3/1/2007,1.1699,1.9597,1
4/1/2007,1.1767,1.9449,1
5/1/2007,1.1755,1.94,1
8/1/2007,1.1777,1.9335,1
9/1/2007,1.1784,1.9425,1
10/1/2007,1.1772,1.9387,1
11/1/2007,1.1762,1.9383,1
12/1/2007,1.1702,1.95,1
15/1/2007,1.1681,1.9653,1
16/1/2007,1.1746,1.9672,1
17/1/2007,1.1737,1.9659,1
18/1/2007,1.1752,1.9715,1
19/1/2007,1.172,1.9735,1
22/1/2007,1.1759,1.9753,1
23/1/2007,1.1816,1.9874,1
24/1/2007,1.1824,1.9752,1
25/1/2007,1.1783,1.9711,1
26/1/2007,1.1798,1.961,1
29/1/2007,1.1816,1.9568,1
30/1/2007,1.1814,1.9651,1
31/1/2007,1.1792,1.9526,1
1/2/2007,1.1755,1.9685,1
2/2/2007,1.1838,1.9687,1
5/2/2007,1.1818,1.957,1
6/2/2007,1.182,1.9683,1
7/2/2007,1.1852,1.9718,1
8/2/2007,1.1853,1.9679,1
9/2/2007,1.1739,1.9471,1
12/2/2007,1.1746,1.9467,1
13/2/2007,1.1686,1.9425,1
14/2/2007,1.166,1.9551,1
15/2/2007,1.1639,1.9576,1
16/2/2007,1.1637,1.9489,1
19/2/2007,1.1639,1.9442,1
20/2/2007,1.1698,1.9488,1
21/2/2007,1.1612,1.9513,1
22/2/2007,1.1616,1.9504,1
23/2/2007,1.1585,1.9579,1
26/2/2007,1.16,1.9631,1
27/2/2007,1.1639,1.9647,1
28/2/2007,1.17,1.9567,1
1/3/2007,1.1713,1.9632,1
2/3/2007,null,1.9481,1
5/3/2007,1.1811,1.9217,1
6/3/2007,1.176,1.9287,1
7/3/2007,1.1713,1.9283,1
8/3/2007,null,1.9341,1
9/3/2007,1.1712,1.9316,1
12/3/2007,1.1692,1.9394,1
13/3/2007,1.1687,1.9291,1
14/3/2007,1.1754,1.9246,1
15/3/2007,1.1758,1.9361,1
16/3/2007,1.174,1.948,1
19/3/2007,1.1752,1.9446,1
20/3/2007,1.1639,1.9569,1
21/3/2007,1.1578,1.9588,1
22/3/2007,1.1576,1.9691,1
23/3/2007,1.16,1.9648,1
26/3/2007,1.1627,1.9619,1
27/3/2007,1.1584,1.9644,1
28/3/2007,1.158,1.9645,1
29/3/2007,1.1578,1.9646,1
30/3/2007,1.1529,1.9581,1
2/4/2007,1.1561,1.9735,1
3/4/2007,1.1573,1.9757,1
4/4/2007,1.1584,1.9735,1
5/4/2007,null,1.9709,1
6/4/2007,null,null,1
9/4/2007,1.1522,null,1
10/4/2007,1.148,1.972,1
11/4/2007,1.145,1.9771,1
12/4/2007,1.1363,1.9764,1
13/4/2007,1.138,1.986,1
16/4/2007,1.131,1.9918,1
17/4/2007,1.1294,2.0014,1
18/4/2007,1.1288,2.0108,1
19/4/2007,1.1286,2.0002,1
20/4/2007,1.1227,2.0034,1
23/4/2007,1.1227,2.0006,1
24/4/2007,1.1229,2.0007,1
25/4/2007,1.1145,2.0046,1
26/4/2007,1.1202,1.9978,1
27/4/2007,1.1153,1.9986,1
30/4/2007,1.1067,1.9946,1
1/5/2007,1.1089,2.0041,1
2/5/2007,1.1087,1.9897,1
3/5/2007,1.107,1.9922,1
4/5/2007,1.1069,1.9869,1
7/5/2007,1.1024,1.9944,1
8/5/2007,1.1048,1.9924,1
9/5/2007,1.1064,1.9914,1
10/5/2007,1.1073,1.9885,1
11/5/2007,null,1.9791,1
14/5/2007,1.1069,1.9818,1
15/5/2007,1.0977,1.9758,1
16/5/2007,1.1029,1.984,1
17/5/2007,1.0977,1.9768,1
18/5/2007,1.0884,1.9707,1
21/5/2007,null,1.9697,1
22/5/2007,1.0855,1.9719,1
23/5/2007,1.0818,1.9816,1
24/5/2007,1.0841,1.9857,1
25/5/2007,1.0796,1.9848,1
28/5/2007,null,1.9827,1
29/5/2007,1.0719,1.9867,1
30/5/2007,1.0754,1.9748,1
31/5/2007,1.0699,1.9773,1
1/6/2007,null,1.9783,1
4/6/2007,1.058,1.9871,1
5/6/2007,1.0606,1.9933,1
6/6/2007,1.0586,1.9926,1
7/6/2007,1.0613,1.9893,1
8/6/2007,1.0622,1.9647,1
11/6/2007,1.0614,1.9662,1
12/6/2007,1.0635,1.9738,1
13/6/2007,1.0667,1.9683,1
14/6/2007,1.0684,1.9694,1
15/6/2007,1.0679,1.9703,1
18/6/2007,1.0721,1.981,1
19/6/2007,1.0639,1.9857,1
20/6/2007,1.0646,1.9928,1
21/6/2007,1.073,1.9905,1
22/6/2007,1.0676,1.996,1
25/6/2007,1.0713,1.9986,1
26/6/2007,1.0693,1.999,1
27/6/2007,1.0716,1.996,1
28/6/2007,1.0627,2.0023,1
29/6/2007,1.0634,2.0049,1
2/7/2007,null,2.0105,1
3/7/2007,1.0596,2.0147,1
4/7/2007,1.057,2.0177,1
5/7/2007,1.0566,2.0138,1
6/7/2007,1.048,2.0104,1
9/7/2007,1.0479,2.0143,1
10/7/2007,1.0521,2.0153,1
11/7/2007,1.0558,2.031,1
12/7/2007,1.0469,2.0336,1
13/7/2007,1.0477,2.0319,1
16/7/2007,1.043,2.0398,1
17/7/2007,1.0436,2.0449,1
18/7/2007,1.0437,2.0492,1
19/7/2007,1.0426,2.0487,1
20/7/2007,1.044,2.0519,1
23/7/2007,1.0451,2.0574,1
24/7/2007,1.0372,2.0606,1
25/7/2007,1.0425,2.0522,1
26/7/2007,1.0505,2.0482,1
27/7/2007,1.059,2.0317,1
30/7/2007,1.0686,2.0241,1
31/7/2007,1.0657,2.0313,1
1/8/2007,1.0569,2.0244,1
2/8/2007,1.0527,2.0311,1
3/8/2007,1.0528,2.0356,1
6/8/2007,null,2.0291,1
7/8/2007,1.0553,2.0267,1
8/8/2007,1.0499,2.0298,1
9/8/2007,1.0565,2.0282,1
10/8/2007,1.0536,2.017,1
13/8/2007,1.0509,2.0126,1
14/8/2007,1.0636,2.0005,1
15/8/2007,1.0746,1.9898,1
16/8/2007,1.0755,1.9812,1
17/8/2007,1.0755,1.9772,1
20/8/2007,1.0582,1.9867,1
21/8/2007,1.0601,1.9848,1
22/8/2007,1.0621,1.9891,1
23/8/2007,1.0568,2.0062,1
24/8/2007,1.0525,2.003,1
27/8/2007,1.0516,2.0133,1
28/8/2007,1.0615,2.0111,1
29/8/2007,1.0592,2.0141,1
30/8/2007,1.0567,2.0066,1
31/8/2007,1.0564,2.0199,1
3/9/2007,null,2.0177,1
4/9/2007,1.0496,2.013,1
5/9/2007,1.0508,2.0107,1
6/9/2007,1.0533,2.0229,1
7/9/2007,null,2.0219,1
10/9/2007,1.0533,2.0307,1
11/9/2007,1.0431,2.0308,1
12/9/2007,1.0371,2.0349,1
13/9/2007,1.0326,2.0261,1
14/9/2007,1.0293,2.0131,1
17/9/2007,1.0308,1.9977,1
18/9/2007,1.0236,1.991,1
19/9/2007,1.0147,1.9976,1
20/9/2007,1.0016,2.0074,1
21/9/2007,1.0009,2.0145,1
24/9/2007,1.0012,2.0249,1
25/9/2007,1.001,2.0105,1
26/9/2007,1.0048,2.0115,1
27/9/2007,1.0031,2.0241,1
28/9/2007,0.9963,2.0313,1
1/10/2007,0.9931,2.04,1
2/10/2007,1.0004,2.0382,1
3/10/2007,0.9961,2.04,1
4/10/2007,0.9983,2.0308,1
5/10/2007,0.9812,2.0398,1
8/10/2007,null,2.0376,1
9/10/2007,0.9846,2.0294,1
10/10/2007,0.9814,2.0447,1
11/10/2007,0.9743,2.0389,1
12/10/2007,0.9739,2.0266,1
15/10/2007,0.9758,2.0432,1
16/10/2007,0.9779,2.0306,1
17/10/2007,0.9737,2.034,1
18/10/2007,0.9734,2.0449,1
19/10/2007,0.9638,2.0488,1
22/10/2007,0.9811,2.036,1
23/10/2007,0.9674,2.041,1
24/10/2007,0.9712,2.0492,1
25/10/2007,0.9674,2.0508,1
26/10/2007,0.9619,2.051,1
29/10/2007,0.9548,2.061,1
30/10/2007,0.9535,2.065,1
31/10/2007,0.9499,2.0736,1
1/11/2007,0.9499,2.0822,1
2/11/2007,null,2.0855,1
5/11/2007,0.9339,2.0816,1
6/11/2007,0.9245,2.0875,1
7/11/2007,0.917,2.1008,1
8/11/2007,0.9306,2.102,1
9/11/2007,0.9391,2.0995,1
12/11/2007,null,2.071,1
13/11/2007,0.9643,2.0688,1
14/11/2007,0.9607,2.0664,1
15/11/2007,0.9808,2.045,1
16/11/2007,0.9729,2.0385,1
19/11/2007,0.9837,2.053,1
20/11/2007,0.985,2.0626,1
21/11/2007,0.9895,2.0591,1
22/11/2007,0.9846,2.0644,1
23/11/2007,0.9884,2.0595,1
26/11/2007,0.9877,2.0692,1
27/11/2007,0.9965,2.0695,1
28/11/2007,0.9908,2.0638,1
29/11/2007,0.9929,2.0627,1
30/11/2007,1.0008,2.0664,1
3/12/2007,1.0005,2.0638,1
4/12/2007,1.0104,2.0628,1
5/12/2007,1.0131,2.0386,1
6/12/2007,1.0124,2.025,1
7/12/2007,1.0053,2.0334,1
10/12/2007,1.0103,2.0413,1
11/12/2007,1.0108,2.049,1
12/12/2007,1.0108,2.044,1
13/12/2007,1.0217,2.0438,1
14/12/2007,1.0137,2.0246,1
17/12/2007,1.0073,2.0178,1
18/12/2007,1.0105,2.0142,1
19/12/2007,1.0056,2.0035,1
20/12/2007,null,1.9877,1
21/12/2007,null,1.9864,1
24/12/2007,0.9871,1.9807,1
26/12/2007,null,null,1
27/12/2007,0.9811,1.9887,1
28/12/2007,0.9785,1.9998,1
31/12/2007,0.9881,2.0034,1
2/1/2008,0.9927,1.9844,1
3/1/2008,0.9905,1.9777,1
4/1/2008,0.9991,1.9772,1
7/1/2008,1.0051,1.9735,1
8/1/2008,0.9986,1.975,1
9/1/2008,1.0085,1.9641,1
10/1/2008,1.0139,1.961,1
11/1/2008,1.0199,1.9562,1
14/1/2008,1.0211,1.9631,1
15/1/2008,1.0169,1.9638,1
16/1/2008,1.0239,1.9566,1
17/1/2008,1.0293,1.9626,1
18/1/2008,1.0295,1.9585,1
21/1/2008,1.0324,1.9489,1
22/1/2008,1.0253,1.954,1
23/1/2008,1.0286,1.9543,1
24/1/2008,1.0072,1.9624,1
25/1/2008,1.0324,1.9778,1
28/1/2008,1.0044,1.9824,1
29/1/2008,0.9977,1.9923,1
30/1/2008,0.9937,1.9939,1
31/1/2008,1.0022,1.9942,1
1/2/2008,0.9943,1.9915,1
4/2/2008,0.9931,1.9765,1
5/2/2008,1.0043,1.9694,1
6/2/2008,1.0026,1.9595,1
7/2/2008,1.0115,1.9515,1
8/2/2008,0.9991,1.948,1
11/2/2008,1.0017,1.9496,1
12/2/2008,0.9963,1.9509,1
13/2/2008,0.9995,1.9639,1
14/2/2008,0.997,1.9687,1
15/2/2008,1.0016,1.961,1
18/2/2008,1.0071,1.9493,1
19/2/2008,1.016,1.9506,1
20/2/2008,1.019,1.9419,1
21/2/2008,1.0087,1.9556,1
22/2/2008,1.0156,1.9673,1
25/2/2008,0.998,1.9637,1
26/2/2008,0.9859,1.9703,1
27/2/2008,0.9778,1.9848,1
28/2/2008,0.9719,1.9813,1
29/2/2008,0.9798,1.9835,1
3/3/2008,0.987,1.9829,1
4/3/2008,0.9956,1.9873,1
5/3/2008,0.9898,1.9785,1
6/3/2008,0.9848,1.9949,1
7/3/2008,0.9915,2.0146,1
10/3/2008,0.9976,2.0193,1
11/3/2008,0.9953,2.0167,1
12/3/2008,0.9897,2.0163,1
13/3/2008,0.9842,2.0375,1
14/3/2008,0.987,2.0253,1
17/3/2008,0.9978,2.0039,1
18/3/2008,0.9938,2.0147,1
19/3/2008,1.0028,1.9972,1
20/3/2008,1.0269,1.9823,1
21/3/2008,null,null,1
24/3/2008,1.0203,null,1
25/3/2008,1.0177,1.9938,1
26/3/2008,1.018,1.9983,1
27/3/2008,1.0147,2.0175,1
28/3/2008,1.0181,1.9991,1
31/3/2008,1.0279,1.9885,1
1/4/2008,1.027,1.9819,1
2/4/2008,1.0177,1.9829,1
3/4/2008,1.0082,1.9822,1
4/4/2008,1.0091,2.0018,1
7/4/2008,1.011,1.9873,1
8/4/2008,1.015,1.9709,1
9/4/2008,1.0194,1.9686,1
10/4/2008,1.0179,1.979,1
11/4/2008,1.0215,1.9742,1
14/4/2008,1.0208,1.9785,1
15/4/2008,1.0181,1.9687,1
16/4/2008,1.0025,1.9761,1
17/4/2008,1.0113,1.9813,1
18/4/2008,1.0084,1.9973,1
21/4/2008,1.0066,1.9828,1
22/4/2008,1.0033,1.9865,1
23/4/2008,1.0195,1.9903,1
24/4/2008,1.0132,1.9756,1
25/4/2008,1.0164,1.9852,1
28/4/2008,1.016,1.988,1
29/4/2008,1.0131,1.9743,1
30/4/2008,1.0095,1.9668,1
1/5/2008,null,1.9857,1
2/5/2008,1.0183,1.9869,1
5/5/2008,1.0125,null,1
6/5/2008,1.0035,1.9686,1
7/5/2008,1.0021,1.9571,1
8/5/2008,1.0149,1.9588,1
9/5/2008,1.0061,1.9506,1
12/5/2008,1.0039,1.9587,1
13/5/2008,1.0005,1.9475,1
14/5/2008,1.002,1.9394,1
15/5/2008,0.9998,1.9447,1
16/5/2008,0.9968,1.9486,1
19/5/2008,null,1.9565,1
20/5/2008,0.993,1.9646,1
21/5/2008,0.9844,1.9662,1
22/5/2008,0.9861,1.9799,1
23/5/2008,0.9883,1.9805,1
26/5/2008,0.9896,1.9787,1
27/5/2008,0.9932,1.9769,1
28/5/2008,0.9915,1.9756,1
29/5/2008,0.9872,1.9758,1
30/5/2008,0.9942,1.9735,1
2/6/2008,1.0013,1.9626,1
3/6/2008,1.0051,1.9679,1
4/6/2008,1.0145,1.9576,1
5/6/2008,1.0198,1.947,1
6/6/2008,1.0187,1.9575,1
9/6/2008,1.0225,1.9762,1
10/6/2008,1.0243,1.9568,1
11/6/2008,1.0174,1.9562,1
12/6/2008,1.0232,1.9471,1
13/6/2008,1.0282,1.9438,1
16/6/2008,1.0211,1.9634,1
17/6/2008,1.0199,1.9506,1
18/6/2008,1.0186,1.95,1
19/6/2008,1.0132,1.9692,1
20/6/2008,1.0172,1.9763,1
23/6/2008,1.0163,1.9621,1
24/6/2008,1.0136,1.9636,1
25/6/2008,1.0135,1.9734,1
26/6/2008,1.0121,1.9834,1
27/6/2008,1.0123,1.9866,1
30/6/2008,1.0186,1.9917,1
1/7/2008,null,1.999,1
2/7/2008,1.0129,1.9855,1
3/7/2008,1.0206,1.9879,1
4/7/2008,1.0155,1.9816,1
7/7/2008,1.0173,1.9679,1
8/7/2008,1.0207,1.9729,1
9/7/2008,1.0108,1.9736,1
10/7/2008,1.0102,1.975,1
11/7/2008,1.0092,1.9779,1
14/7/2008,1.0061,1.9858,1
15/7/2008,1.002,2.0117,1
16/7/2008,1.0017,2.0043,1
17/7/2008,1.0016,2.002,1
18/7/2008,1.0053,1.9956,1
21/7/2008,1.0021,1.9975,1
22/7/2008,1.0085,2.0042,1
23/7/2008,1.0088,1.9986,1
24/7/2008,1.0114,1.9858,1
25/7/2008,1.0164,1.9966,1
28/7/2008,1.0222,1.9882,1
29/7/2008,1.0261,1.9899,1
30/7/2008,1.0242,1.9798,1
31/7/2008,1.0257,1.9805,1
1/8/2008,1.0253,1.9753,1
4/8/2008,null,1.9681,1
5/8/2008,1.0426,1.9549,1
6/8/2008,1.047,1.9539,1
7/8/2008,1.0511,1.9509,1
8/8/2008,1.0678,1.9237,1
11/8/2008,1.0676,1.9217,1
12/8/2008,1.064,1.9026,1
13/8/2008,1.0657,1.876,1
14/8/2008,1.062,1.8724,1
15/8/2008,1.0609,1.8571,1
18/8/2008,1.0605,1.8658,1
19/8/2008,1.0607,1.8629,1
20/8/2008,1.0628,1.8563,1
21/8/2008,1.0456,1.8628,1
22/8/2008,1.0458,1.8589,1
25/8/2008,1.0464,null,1
26/8/2008,1.0483,1.8335,1
27/8/2008,1.0486,1.8463,1
28/8/2008,1.0526,1.8351,1
29/8/2008,1.0626,1.8289,1
1/9/2008,null,1.8029,1
2/9/2008,1.0701,1.7819,1
3/9/2008,1.0607,1.7721,1
4/9/2008,1.0642,1.7779,1
5/9/2008,1.0641,1.7588,1
8/9/2008,1.0696,1.7633,1
9/9/2008,1.0679,1.7652,1
10/9/2008,1.0738,1.7566,1
11/9/2008,1.0796,1.7504,1
12/9/2008,1.0609,1.7696,1
15/9/2008,1.0677,1.79,1
16/9/2008,1.0734,1.7809,1
17/9/2008,1.0783,1.7863,1
18/9/2008,1.0701,1.8239,1
19/9/2008,1.047,1.7986,1
22/9/2008,1.0382,1.843,1
23/9/2008,1.0355,1.8604,1
24/9/2008,1.0351,1.8552,1
25/9/2008,1.0338,1.8542,1
26/9/2008,1.0349,1.84,1
29/9/2008,1.0394,1.8027,1
30/9/2008,1.0599,1.7998,1
1/10/2008,1.0609,1.7817,1
2/10/2008,1.0769,1.7615,1
3/10/2008,1.0812,1.77,1
6/10/2008,1.1027,1.7572,1
7/10/2008,1.1058,1.7419,1
8/10/2008,1.1249,1.7439,1
9/10/2008,1.1486,1.7305,1
10/10/2008,1.1907,1.6946,1
13/10/2008,null,1.7263,1
14/10/2008,1.1602,1.7581,1
15/10/2008,1.1802,1.7564,1
16/10/2008,1.1952,1.721,1
17/10/2008,1.1823,1.7296,1
20/10/2008,1.1976,1.7414,1
21/10/2008,1.2202,1.7016,1
22/10/2008,1.2499,1.637,1
23/10/2008,1.2573,1.6231,1
24/10/2008,1.2732,1.5545,1
27/10/2008,1.293,1.5392,1
28/10/2008,1.2943,1.5743,1
29/10/2008,1.2308,1.6065,1
30/10/2008,1.2221,1.6488,1
31/10/2008,1.2165,1.6174,1
3/11/2008,1.1875,1.6195,1
4/11/2008,1.1499,1.587,1
5/11/2008,1.1596,1.6038,1
6/11/2008,1.1818,1.587,1
7/11/2008,1.1835,1.5729,1
10/11/2008,1.1942,1.5788,1
11/11/2008,null,1.5585,1
12/11/2008,1.2295,1.5283,1
13/11/2008,1.2315,1.4908,1
14/11/2008,1.2247,1.4841,1
17/11/2008,1.2211,1.4916,1
18/11/2008,1.2239,1.5025,1
19/11/2008,1.237,1.5069,1
20/11/2008,1.2855,1.4844,1
21/11/2008,1.2854,1.4987,1
24/11/2008,1.225,1.4988,1
25/11/2008,null,1.5106,1
26/11/2008,1.2342,1.5334,1
27/11/2008,1.2329,1.5435,1
28/11/2008,1.2372,1.5336,1
1/12/2008,1.2377,1.5046,1
2/12/2008,1.2421,1.4802,1
3/12/2008,1.2573,1.4741,1
4/12/2008,1.254,1.457,1
5/12/2008,1.2969,1.4676,1
8/12/2008,1.2572,1.4912,1
9/12/2008,1.2603,1.4761,1
10/12/2008,1.2557,1.4817,1
11/12/2008,1.2183,1.4936,1
12/12/2008,1.2452,1.4935,1
15/12/2008,1.2352,1.4963,1
16/12/2008,1.2239,1.5254,1
17/12/2008,1.2058,1.5436,1
18/12/2008,1.1965,1.5505,1
19/12/2008,1.2275,1.4948,1
22/12/2008,1.2188,1.4797,1
23/12/2008,1.2166,1.4779,1
24/12/2008,1.2125,1.4762,1
26/12/2008,null,null,1
29/12/2008,1.2167,1.4666,1
30/12/2008,1.2217,1.4496,1
31/12/2008,1.2246,1.4578,1
2/1/2009,1.2107,1.4497,1
5/1/2009,1.1914,1.4503,1
6/1/2009,1.1823,1.4597,1
7/1/2009,1.1853,1.4941,1
8/1/2009,1.1888,1.5067,1
9/1/2009,1.1923,1.529,1
12/1/2009,1.2077,1.4962,1
13/1/2009,1.2257,1.4595,1
14/1/2009,1.2383,1.4535,1
15/1/2009,1.2625,1.4605,1
16/1/2009,1.2542,1.4927,1
19/1/2009,1.2521,1.4646,1
20/1/2009,1.2605,1.3925,1
21/1/2009,1.2741,1.376,1
22/1/2009,1.263,1.3755,1
23/1/2009,1.248,1.3586,1
26/1/2009,1.2205,1.3862,1
27/1/2009,1.2299,1.4056,1
28/1/2009,1.2098,1.431,1
29/1/2009,1.2188,1.4328,1
30/1/2009,1.2364,1.4302,1
2/2/2009,1.2404,1.4132,1
3/2/2009,1.2337,1.4245,1
4/2/2009,1.2266,1.4381,1
5/2/2009,1.2303,1.4497,1
6/2/2009,1.2389,1.4659,1
9/2/2009,1.2192,1.4907,1
10/2/2009,1.2332,1.4792,1
11/2/2009,1.2424,1.4353,1
12/2/2009,1.2477,1.4195,1
13/2/2009,1.2433,1.4517,1
16/2/2009,1.2437,1.4257,1
17/2/2009,1.2601,1.4242,1
18/2/2009,1.2596,1.422,1
19/2/2009,1.2595,1.4397,1
20/2/2009,1.2541,1.4317,1
23/2/2009,1.2512,1.4633,1
24/2/2009,1.247,1.4523,1
25/2/2009,1.2556,1.4372,1
26/2/2009,1.2456,1.4256,1
27/2/2009,1.2707,1.4195,1
2/3/2009,1.289,1.4123,1
3/3/2009,1.2938,1.4014,1
4/3/2009,1.2765,1.4085,1
5/3/2009,1.2877,1.4105,1
6/3/2009,1.2863,1.4235,1
9/3/2009,1.3,1.3864,1
10/3/2009,1.2797,1.3848,1
11/3/2009,1.2807,1.3817,1
12/3/2009,1.2905,1.38,1
13/3/2009,1.2749,1.4032,1
16/3/2009,1.2724,1.4179,1
17/3/2009,1.2718,1.4027,1
18/3/2009,1.272,1.3877,1
19/3/2009,1.2325,1.446,1
20/3/2009,1.2371,1.4412,1
23/3/2009,1.2323,1.4614,1
24/3/2009,1.2262,1.473,1
25/3/2009,1.2245,1.4569,1
26/3/2009,1.233,1.4569,1
27/3/2009,1.2392,1.4288,1
30/3/2009,1.259,1.4165,1
31/3/2009,1.2602,1.434,1
1/4/2009,1.2643,1.4397,1
2/4/2009,1.2384,1.4677,1
3/4/2009,1.2337,1.4746,1
6/4/2009,null,1.491,1
7/4/2009,1.2341,1.462,1
8/4/2009,1.2354,1.471,1
9/4/2009,1.2274,1.4673,1
10/4/2009,null,null,1
13/4/2009,1.2212,null,1
14/4/2009,1.2092,1.4904,1
15/4/2009,1.2038,1.5016,1
16/4/2009,1.2062,1.4846,1
17/4/2009,1.2146,1.4798,1
20/4/2009,1.2343,1.4575,1
21/4/2009,1.2358,1.4537,1
22/4/2009,1.236,1.4631,1
23/4/2009,1.229,1.453,1
24/4/2009,1.2093,1.4616,1
27/4/2009,1.2107,1.4575,1
28/4/2009,1.2238,1.4577,1
29/4/2009,1.2008,1.4774,1
30/4/2009,1.194,1.4824,1
1/5/2009,1.1872,1.493,1
4/5/2009,1.1781,null,1
5/5/2009,1.176,1.5087,1
6/5/2009,1.1731,1.5092,1
7/5/2009,1.1714,1.5151,1
8/5/2009,1.1581,1.5042,1
11/5/2009,1.1591,1.5109,1
12/5/2009,1.1676,1.5282,1
13/5/2009,1.1683,1.5171,1
14/5/2009,1.1727,1.5074,1
15/5/2009,1.1756,1.5172,1
18/5/2009,null,1.524,1
19/5/2009,1.1569,1.5497,1
20/5/2009,1.1434,1.5494,1
21/5/2009,1.1414,1.5658,1
22/5/2009,1.1233,1.5889,1
25/5/2009,1.1258,null,1
26/5/2009,1.1199,1.5816,1
27/5/2009,1.112,1.6021,1
28/5/2009,1.1124,1.5961,1
29/5/2009,1.0961,1.6153,1
1/6/2009,1.0872,1.6384,1
2/6/2009,1.0827,1.6452,1
3/6/2009,1.0976,1.6555,1
4/6/2009,1.0999,1.6383,1
5/6/2009,null,1.6094,1
8/6/2009,1.123,1.5848,1
9/6/2009,1.1041,1.61,1
10/6/2009,1.1101,1.636,1
11/6/2009,1.0982,1.6441,1
12/6/2009,1.1177,1.6469,1
15/6/2009,1.1341,1.6335,1
16/6/2009,1.1327,1.6414,1
17/6/2009,1.1371,1.6234,1
18/6/2009,1.1273,1.623,1
19/6/2009,null,1.6436,1
22/6/2009,1.1547,1.6437,1
23/6/2009,1.156,1.6292,1
24/6/2009,1.1461,1.6574,1
25/6/2009,1.158,1.626,1
26/6/2009,1.1531,1.647,1
29/6/2009,1.1583,1.6546,1
30/6/2009,1.1625,1.656,1
1/7/2009,null,1.6435,1
2/7/2009,1.1604,1.637,1
3/7/2009,1.1621,1.6312,1
6/7/2009,1.1612,1.6116,1
7/7/2009,1.1631,1.6213,1
8/7/2009,1.1655,1.606,1
9/7/2009,1.1622,1.618,1
10/7/2009,1.165,1.6195,1
13/7/2009,null,1.6094,1
14/7/2009,1.1368,1.6306,1
15/7/2009,1.1194,1.6391,1
16/7/2009,1.1171,1.6429,1
17/7/2009,1.1168,1.628,1
20/7/2009,1.1067,1.6518,1
21/7/2009,1.1078,1.6404,1
22/7/2009,1.0981,1.6398,1
23/7/2009,1.0867,1.6486,1
24/7/2009,1.0842,1.6468,1
27/7/2009,1.0835,1.6461,1
28/7/2009,1.088,1.6505,1
29/7/2009,1.0889,1.6381,1
30/7/2009,1.0815,1.6489,1
31/7/2009,1.079,1.6566,1
3/8/2009,null,1.6839,1
4/8/2009,1.0686,1.6929,1
5/8/2009,1.072,1.6991,1
6/8/2009,1.0759,1.6972,1
7/8/2009,1.0837,1.6743,1
10/8/2009,1.0848,1.663,1
11/8/2009,1.0988,1.6469,1
12/8/2009,1.0875,1.6458,1
13/8/2009,1.0852,1.6624,1
14/8/2009,1.0971,1.6549,1
17/8/2009,1.1079,1.628,1
18/8/2009,1.1036,1.6465,1
19/8/2009,1.0969,1.6394,1
20/8/2009,1.0902,1.6473,1
21/8/2009,1.0799,1.6575,1
24/8/2009,1.0742,1.6497,1
25/8/2009,1.0782,1.636,1
26/8/2009,1.0991,1.628,1
27/8/2009,1.096,1.618,1
28/8/2009,1.0879,1.6325,1
31/8/2009,1.0967,null,1
1/9/2009,1.1031,1.6207,1
2/9/2009,1.1065,1.6227,1
3/9/2009,1.1034,1.6384,1
4/9/2009,1.0889,1.6367,1
7/9/2009,null,1.6436,1
8/9/2009,1.0764,1.6554,1
9/9/2009,1.0787,1.6503,1
10/9/2009,1.0812,1.6538,1
11/9/2009,1.0746,1.6696,1
14/9/2009,1.0857,1.6531,1
15/9/2009,1.0763,1.6488,1
16/9/2009,1.0663,1.6516,1
17/9/2009,1.0613,1.6538,1
18/9/2009,1.0724,1.6366,1
21/9/2009,1.0777,1.6194,1
22/9/2009,1.0683,1.6339,1
23/9/2009,null,1.6437,1
24/9/2009,1.0869,1.6195,1
25/9/2009,1.0915,1.6014,1
28/9/2009,1.0861,1.5845,1
29/9/2009,1.0871,1.5965,1
30/9/2009,1.0722,1.6113,1
1/10/2009,1.0774,1.5977,1
2/10/2009,1.0845,1.5847,1
5/10/2009,1.0757,1.5944,1
6/10/2009,1.0571,1.5917,1
7/10/2009,1.0619,1.5885,1
8/10/2009,1.0535,1.6079,1
9/10/2009,1.0424,1.5983,1
12/10/2009,null,1.5799,1
13/10/2009,1.0298,1.5808,1
14/10/2009,1.0292,1.5996,1
15/10/2009,1.0303,1.627,1
16/10/2009,1.0389,1.6284,1
19/10/2009,1.0308,1.6287,1
20/10/2009,1.05,1.6411,1
21/10/2009,1.0412,1.657,1
22/10/2009,1.0485,1.6538,1
23/10/2009,1.0508,1.6409,1
26/10/2009,1.0616,1.6325,1
27/10/2009,1.0648,1.6394,1
28/10/2009,1.0756,1.631,1
29/10/2009,1.0705,1.6462,1
30/10/2009,1.0774,1.652,1
2/11/2009,1.0743,1.6361,1
3/11/2009,1.0704,1.6279,1
4/11/2009,1.0647,1.6519,1
5/11/2009,1.0651,1.6504,1
6/11/2009,1.072,1.6607,1
9/11/2009,1.0566,1.6796,1
10/11/2009,1.0518,1.6672,1
11/11/2009,null,1.6664,1
12/11/2009,1.0519,1.657,1
13/11/2009,1.0508,1.6702,1
16/11/2009,1.046,1.6698,1
17/11/2009,1.0592,1.6781,1
18/11/2009,1.05,1.6804,1
19/11/2009,1.0638,1.6628,1
20/11/2009,1.0696,1.6501,1
23/11/2009,1.0551,1.6609,1
24/11/2009,1.0608,1.6538,1
25/11/2009,1.0501,1.6708,1
26/11/2009,1.0595,1.6549,1
27/11/2009,1.0624,1.6374,1
30/11/2009,1.0574,1.6473,1
1/12/2009,1.0432,1.6564,1
2/12/2009,1.0468,1.6682,1
3/12/2009,1.0542,1.664,1
4/12/2009,1.0517,1.6647,1
7/12/2009,1.0511,1.6343,1
8/12/2009,1.0604,1.629,1
9/12/2009,1.0552,1.6314,1
10/12/2009,1.0519,1.6306,1
11/12/2009,1.0585,1.6287,1
14/12/2009,1.0593,1.6229,1
15/12/2009,1.062,1.6231,1
16/12/2009,1.058,1.6362,1
17/12/2009,1.0713,1.6133,1
18/12/2009,1.0678,1.6196,1
21/12/2009,1.0594,1.6123,1
22/12/2009,1.0556,1.6021,1
23/12/2009,1.0476,1.5951,1
24/12/2009,1.0488,1.6,1
28/12/2009,null,null,1
29/12/2009,1.0405,1.6,1
30/12/2009,1.0525,1.5852,1
31/12/2009,1.0466,1.6195,1
4/1/2010,1.0378,1.6223,1
5/1/2010,1.0372,1.6014,1
6/1/2010,1.0334,1.5984,1
7/1/2010,1.0351,1.5912,1
8/1/2010,1.0344,1.6007,1
11/1/2010,1.0317,1.6176,1
12/1/2010,1.0375,1.6141,1
13/1/2010,1.0322,1.6277,1
14/1/2010,1.0261,1.627,1
15/1/2010,1.0287,1.6288,1
18/1/2010,1.0251,1.6337,1
19/1/2010,1.0328,1.6338,1
20/1/2010,1.0478,1.6275,1
21/1/2010,1.0487,1.6153,1
22/1/2010,1.0564,1.6177,1
25/1/2010,1.0582,1.6148,1
26/1/2010,1.0606,1.6117,1
27/1/2010,1.0657,1.6226,1
28/1/2010,1.0643,1.6244,1
29/1/2010,1.065,1.6138,1
1/2/2010,1.0653,1.5879,1
2/2/2010,1.0607,1.594,1
3/2/2010,1.0609,1.598,1
4/2/2010,1.0734,1.5818,1
5/2/2010,1.0725,1.5721,1
8/2/2010,1.0692,1.557,1
9/2/2010,1.069,1.5579,1
10/2/2010,1.0671,1.5658,1
11/2/2010,1.0523,1.5633,1
12/2/2010,1.0531,1.5615,1
15/2/2010,1.048,1.5705,1
16/2/2010,1.0426,1.5698,1
17/2/2010,1.0455,1.5767,1
18/2/2010,1.0452,1.5594,1
19/2/2010,1.042,1.5384,1
22/2/2010,1.0428,1.5472,1
23/2/2010,1.0517,1.5407,1
24/2/2010,1.055,1.5449,1
25/2/2010,1.0675,1.5306,1
26/2/2010,1.0526,1.5223,1
1/3/2010,1.0421,1.4876,1
2/3/2010,1.0326,1.497,1
3/3/2010,1.0287,1.5052,1
4/3/2010,1.0309,1.507,1
5/3/2010,1.0286,1.5038,1
8/3/2010,1.0286,1.5116,1
9/3/2010,1.0251,1.4958,1
10/3/2010,1.0243,1.4937,1
11/3/2010,1.0265,1.5033,1
12/3/2010,1.0187,1.5161,1
15/3/2010,1.0217,1.5043,1
16/3/2010,1.0148,1.5137,1
17/3/2010,1.0113,1.5333,1
18/3/2010,1.0139,1.5273,1
19/3/2010,1.0155,1.5155,1
22/3/2010,1.0193,1.4982,1
23/3/2010,1.0178,1.4991,1
24/3/2010,1.0267,1.4958,1
25/3/2010,1.0188,1.4941,1
26/3/2010,1.0285,1.4869,1
29/3/2010,1.0203,1.4971,1
30/3/2010,1.0188,1.5085,1
31/3/2010,1.0156,1.515,1
1/4/2010,1.0075,1.5232,1
2/4/2010,null,null,1
5/4/2010,null,null,1
6/4/2010,1.0001,1.5177,1
7/4/2010,1.003,1.5155,1
8/4/2010,1.002,1.5222,1
9/4/2010,1.0055,1.5359,1
12/4/2010,1.0015,1.5423,1
13/4/2010,1.0028,1.5422,1
14/4/2010,0.9961,1.542,1
15/4/2010,1.0014,1.5412,1
16/4/2010,1.0148,1.5459,1
19/4/2010,1.0201,1.523,1
20/4/2010,0.9986,1.5407,1
21/4/2010,0.9984,1.5383,1
22/4/2010,1.0013,1.5401,1
23/4/2010,1.0027,1.5366,1
26/4/2010,1.0009,1.544,1
27/4/2010,1.0173,1.5343,1
28/4/2010,1.0128,1.5188,1
29/4/2010,1.0054,1.5234,1
30/4/2010,1.0116,1.5328,1
3/5/2010,1.0134,null,1
4/5/2010,1.0216,1.5187,1
5/5/2010,1.0266,1.5154,1
6/5/2010,1.0437,1.507,1
7/5/2010,1.0431,1.472,1
10/5/2010,1.0246,1.5008,1
11/5/2010,1.0195,1.4751,1
12/5/2010,1.0201,1.4905,1
13/5/2010,1.0149,1.4769,1
14/5/2010,1.0344,1.4547,1
17/5/2010,1.0405,1.4395,1
18/5/2010,1.033,1.4434,1
19/5/2010,1.0515,1.4243,1
20/5/2010,1.0659,1.4315,1
21/5/2010,1.057,1.4353,1
24/5/2010,null,1.4366,1
25/5/2010,1.0778,1.432,1
26/5/2010,1.0651,1.4417,1
27/5/2010,1.0496,1.457,1
28/5/2010,1.0499,1.458,1
1/6/2010,1.0479,1.4504,1
2/6/2010,1.0404,1.4667,1
3/6/2010,1.0416,1.4674,1
4/6/2010,1.0516,1.4657,1
7/6/2010,1.054,1.4503,1
8/6/2010,1.0518,1.4423,1
9/6/2010,1.0395,1.4493,1
10/6/2010,1.0337,1.4612,1
11/6/2010,1.0333,1.464,1
14/6/2010,1.0253,1.4729,1
15/6/2010,1.0288,1.4741,1
16/6/2010,1.0236,1.4812,1
17/6/2010,1.0284,1.4835,1
18/6/2010,1.0238,1.4819,1
21/6/2010,1.0199,1.4853,1
22/6/2010,1.0201,1.4732,1
23/6/2010,1.0434,1.4917,1
24/6/2010,1.0432,1.4983,1
25/6/2010,1.037,1.4904,1
28/6/2010,1.0337,1.5051,1
29/6/2010,1.0529,1.5054,1
30/6/2010,1.0606,1.5025,1
1/7/2010,null,1.4973,1
2/7/2010,1.0649,1.519,1
6/7/2010,null,null,1
7/7/2010,1.0498,1.5193,1
8/7/2010,1.0527,1.5131,1
9/7/2010,1.0446,1.5132,1
12/7/2010,null,1.5165,1
13/7/2010,1.0379,1.5009,1
14/7/2010,1.0284,1.5076,1
15/7/2010,1.0306,1.5271,1
16/7/2010,1.0403,1.535,1
19/7/2010,1.0537,1.536,1
20/7/2010,1.0559,1.5282,1
21/7/2010,1.0526,1.5171,1
22/7/2010,1.0427,1.5273,1
23/7/2010,1.0376,1.5283,1
26/7/2010,1.0373,1.5439,1
27/7/2010,1.0312,1.5485,1
28/7/2010,1.0357,1.5521,1
29/7/2010,1.0357,1.5585,1
30/7/2010,1.037,1.5645,1
2/8/2010,null,1.5808,1
3/8/2010,1.0225,1.5956,1
4/8/2010,1.0185,1.5933,1
5/8/2010,1.0158,1.5914,1
6/8/2010,1.0273,1.5869,1
9/8/2010,1.0266,1.5963,1
10/8/2010,1.0348,1.5746,1
11/8/2010,1.0456,1.5693,1
12/8/2010,1.0434,1.5598,1
13/8/2010,1.0402,1.5591,1
16/8/2010,1.0432,1.5585,1
17/8/2010,null,1.563,1
18/8/2010,1.0289,1.5639,1
19/8/2010,1.0399,1.5628,1
20/8/2010,1.05,1.5482,1
23/8/2010,1.0514,1.5557,1
24/8/2010,1.0563,1.5405,1
25/8/2010,1.0642,1.5422,1
26/8/2010,1.0546,1.5536,1
27/8/2010,1.0546,1.5518,1
30/8/2010,1.0562,null,1
31/8/2010,1.0639,1.5404,1
1/9/2010,1.0497,1.5394,1
2/9/2010,1.052,1.5399,1
3/9/2010,1.0411,1.54,1
7/9/2010,1.0427,1.5367,1
8/9/2010,1.0359,1.5449,1
9/9/2010,1.0328,1.5413,1
10/9/2010,1.0358,1.5456,1
13/9/2010,1.0279,1.5397,1
14/9/2010,1.0222,1.5404,1
15/9/2010,1.0282,1.551,1
16/9/2010,1.0274,1.5614,1
17/9/2010,1.0331,1.566,1
20/9/2010,1.0281,1.5609,1
21/9/2010,1.0315,1.5518,1
22/9/2010,1.0327,1.5659,1
23/9/2010,1.031,1.5687,1
24/9/2010,1.0263,1.5706,1
27/9/2010,1.026,1.5845,1
28/9/2010,1.0306,1.5858,1
29/9/2010,1.03,1.5796,1
30/9/2010,1.0298,1.5914,1
1/10/2010,1.0215,1.5823,1
4/10/2010,1.0234,1.5826,1
5/10/2010,1.0168,1.587,1
6/10/2010,1.0073,1.5888,1
7/10/2010,1.0166,1.5934,1
8/10/2010,1.0136,1.5874,1
12/10/2010,1.011,1.5847,1
13/10/2010,1.003,1.5849,1
14/10/2010,1.0036,1.601,1
15/10/2010,1.0108,1.6046,1
18/10/2010,1.0149,1.5895,1
19/10/2010,1.0298,1.5794,1
20/10/2010,1.0245,1.5716,1
21/10/2010,1.0233,1.5776,1
22/10/2010,1.0263,1.5699,1
25/10/2010,1.0198,1.5743,1
26/10/2010,1.0223,1.5878,1
27/10/2010,1.032,1.5849,1
28/10/2010,1.0202,1.5879,1
29/10/2010,1.0188,1.5922,1
1/11/2010,1.0136,1.6066,1
2/11/2010,1.0099,1.5981,1
3/11/2010,1.0092,1.6147,1
4/11/2010,1.0024,1.6177,1
5/11/2010,1.0015,1.6244,1
8/11/2010,1.0022,1.6126,1
9/11/2010,1.0013,1.6175,1
10/11/2010,1.0017,1.608,1
11/11/2010,null,1.6129,1
12/11/2010,1.008,1.6055,1
15/11/2010,1.0065,1.6056,1
16/11/2010,1.0231,1.5987,1
17/11/2010,1.0207,1.5881,1
18/11/2010,1.0174,1.5992,1
19/11/2010,1.0208,1.6058,1
22/11/2010,1.0187,1.6005,1
23/11/2010,1.0245,1.5933,1
24/11/2010,1.0108,1.5767,1
29/11/2010,null,null,1
30/11/2010,1.0227,1.559,1
1/12/2010,1.016,1.5602,1
2/12/2010,1.0046,1.5587,1
3/12/2010,1.006,1.5627,1
6/12/2010,1.0058,1.5666,1
7/12/2010,1.0093,1.5787,1
8/12/2010,null,1.5781,1
9/12/2010,1.0098,1.5738,1
10/12/2010,1.0093,1.5843,1
13/12/2010,1.0046,1.5759,1
14/12/2010,1.0041,1.5855,1
15/12/2010,1.0035,1.5668,1
16/12/2010,1.0056,1.5614,1
17/12/2010,1.0124,1.557,1
20/12/2010,1.0178,1.5559,1
21/12/2010,1.0175,1.5472,1
22/12/2010,1.0148,1.5455,1
23/12/2010,1.0095,1.5383,1
27/12/2010,null,null,1
28/12/2010,null,null,1
29/12/2010,1.0003,1.5396,1
30/12/2010,1.0009,1.5435,1
3/1/2011,null,null,1
4/1/2011,0.9986,1.5608,1
5/1/2011,0.9947,1.5594,1
6/1/2011,0.9954,1.5484,1
7/1/2011,0.9934,1.5444,1
10/1/2011,0.9925,1.5518,1
11/1/2011,0.9903,1.5574,1
12/1/2011,null,1.5603,1
13/1/2011,0.9868,1.5769,1
14/1/2011,0.9904,1.5848,1
18/1/2011,0.9911,1.5993,1
19/1/2011,0.9939,1.5993,1
20/1/2011,1.0001,1.599,1
21/1/2011,0.9945,1.5929,1
24/1/2011,0.9934,1.5942,1
25/1/2011,0.9986,1.5789,1
26/1/2011,0.9953,1.5859,1
27/1/2011,0.9941,1.5961,1
28/1/2011,0.999,1.5924,1
31/1/2011,1.0022,1.5891,1
1/2/2011,0.9922,1.611,1
2/2/2011,0.9883,1.6202,1
3/2/2011,0.9901,1.6215,1
4/2/2011,0.9901,1.6119,1
7/2/2011,null,1.6104,1
8/2/2011,0.9906,1.6122,1
9/2/2011,null,1.606,1
10/2/2011,0.9955,1.6056,1
11/2/2011,null,1.5987,1
14/2/2011,0.9885,1.6001,1
15/2/2011,0.9887,1.612,1
16/2/2011,0.9855,1.6062,1
17/2/2011,0.9839,1.6117,1
18/2/2011,null,1.6205,1
22/2/2011,0.9859,1.615,1
23/2/2011,0.9924,1.6244,1
24/2/2011,0.9842,1.6155,1
25/2/2011,0.9809,1.6096,1
28/2/2011,0.9739,1.6234,1
1/3/2011,0.9743,1.6277,1
2/3/2011,0.9734,1.6316,1
3/3/2011,0.9747,1.6277,1
4/3/2011,0.9714,1.629,1
7/3/2011,0.9738,1.632,1
8/3/2011,0.9713,1.6186,1
9/3/2011,0.9686,1.6222,1
10/3/2011,0.9731,1.6172,1
11/3/2011,0.9734,1.5994,1
14/3/2011,0.9759,1.6105,1
15/3/2011,0.983,1.6017,1
16/3/2011,0.9918,1.6082,1
17/3/2011,0.9885,1.6129,1
18/3/2011,null,1.6161,1
21/3/2011,0.9774,1.6266,1
22/3/2011,0.9768,1.6376,1
23/3/2011,0.9821,1.627,1
24/3/2011,0.9748,1.6183,1
25/3/2011,0.9778,1.6104,1
28/3/2011,0.9758,1.5977,1
29/3/2011,null,1.5985,1
30/3/2011,0.9714,1.6052,1
31/3/2011,0.9718,1.6092,1
1/4/2011,0.9629,1.6046,1
4/4/2011,0.9679,1.6141,1
5/4/2011,0.9636,1.6232,1
6/4/2011,0.9588,1.6314,1
7/4/2011,0.9593,1.634,1
8/4/2011,null,1.6347,1
11/4/2011,0.9547,1.6356,1
12/4/2011,0.9625,1.6262,1
13/4/2011,0.964,1.6271,1
14/4/2011,0.9626,1.6297,1
15/4/2011,0.9615,1.6348,1
18/4/2011,0.9691,1.6273,1
19/4/2011,0.9571,1.6294,1
20/4/2011,0.9524,1.6375,1
21/4/2011,0.9519,1.6552,1
22/4/2011,null,null,1
25/4/2011,0.9541,null,1
26/4/2011,0.9507,1.6493,1
27/4/2011,0.9549,1.6578,1
28/4/2011,0.9511,1.6655,1
29/4/2011,0.9486,null,1
2/5/2011,0.9492,null,1
3/5/2011,0.949,1.6483,1
4/5/2011,0.958,1.6512,1
5/5/2011,0.9669,1.6501,1
6/5/2011,0.9617,1.6432,1
9/5/2011,0.9661,1.6368,1
10/5/2011,0.961,1.6335,1
11/5/2011,0.9582,1.6476,1
12/5/2011,0.9658,1.6256,1
13/5/2011,0.9709,1.6259,1
16/5/2011,null,1.6173,1
17/5/2011,0.9773,1.6262,1
18/5/2011,0.9723,1.6171,1
19/5/2011,1.0308,1.62,1
20/5/2011,0.9735,1.6233,1
23/5/2011,null,1.6125,1
24/5/2011,0.9774,1.6166,1
25/5/2011,0.9765,1.6229,1
26/5/2011,0.9809,1.631,1
27/5/2011,0.9771,1.6412,1
31/5/2011,0.9688,1.6503,1
1/6/2011,0.9714,1.6417,1
2/6/2011,0.9793,1.6381,1
3/6/2011,0.977,1.6308,1
6/6/2011,0.9785,1.641,1
7/6/2011,0.9745,1.643,1
8/6/2011,0.978,1.6372,1
9/6/2011,0.9732,1.6408,1
10/6/2011,0.9768,1.6289,1
13/6/2011,0.9779,1.6286,1
14/6/2011,0.9686,1.6406,1
15/6/2011,0.978,1.626,1
16/6/2011,0.9843,1.6128,1
17/6/2011,0.9797,1.6183,1
20/6/2011,0.9785,1.6169,1
21/6/2011,0.9724,1.6199,1
22/6/2011,0.9726,1.6126,1
23/6/2011,0.9799,1.5985,1
24/6/2011,0.9849,1.601,1
27/6/2011,0.9861,1.5989,1
28/6/2011,0.9821,1.5949,1
29/6/2011,0.9705,1.6018,1
30/6/2011,0.9643,1.6008,1
1/7/2011,null,1.6019,1
5/7/2011,0.9608,1.6111,1
6/7/2011,0.9657,1.6012,1
7/7/2011,0.9586,1.5985,1
8/7/2011,0.9627,1.5965,1
11/7/2011,0.9666,1.5951,1
12/7/2011,0.9668,1.5805,1
13/7/2011,0.9582,1.5945,1
14/7/2011,0.9585,1.6121,1
15/7/2011,0.9536,1.6111,1
18/7/2011,0.9615,1.6074,1
19/7/2011,0.9506,1.6117,1
20/7/2011,null,1.6139,1
21/7/2011,0.9451,1.6171,1
22/7/2011,0.9502,1.6308,1
25/7/2011,0.9449,1.6278,1
26/7/2011,0.9449,1.6402,1
27/7/2011,0.9474,1.6387,1
28/7/2011,0.9484,1.6322,1
29/7/2011,0.9538,1.6273,1
1/8/2011,null,1.6423,1
2/8/2011,0.958,1.6279,1
3/8/2011,0.9634,1.6398,1
4/8/2011,0.9767,1.6334,1
5/8/2011,0.9843,1.6294,1
8/8/2011,0.989,1.6421,1
9/8/2011,0.9893,1.6364,1
10/8/2011,null,1.6254,1
11/8/2011,0.9892,1.6168,1
12/8/2011,0.9879,1.6281,1
15/8/2011,0.9838,1.6311,1
16/8/2011,0.9817,1.6377,1
17/8/2011,0.982,1.6449,1
18/8/2011,0.9901,1.6497,1
19/8/2011,0.9849,1.651,1
22/8/2011,0.9901,1.6494,1
23/8/2011,0.9877,1.6524,1
24/8/2011,0.988,1.6512,1
25/8/2011,0.9843,1.6366,1
26/8/2011,0.9853,1.6318,1
29/8/2011,0.978,null,1
30/8/2011,0.9793,1.6323,1
31/8/2011,0.9784,1.6286,1
1/9/2011,0.9752,1.6204,1
2/9/2011,0.9815,1.6215,1
6/9/2011,0.991,1.6098,1
7/9/2011,0.9883,1.5982,1
8/9/2011,0.9859,1.5967,1
9/9/2011,null,1.5947,1
12/9/2011,0.9957,1.586,1
13/9/2011,0.9902,1.5824,1
14/9/2011,0.9913,1.5789,1
15/9/2011,0.9869,1.5835,1
16/9/2011,0.9814,1.5816,1
19/9/2011,0.9898,1.5733,1
20/9/2011,0.9924,1.5703,1
21/9/2011,0.9986,1.5662,1
22/9/2011,1.0329,1.5414,1
23/9/2011,1.0282,1.543,1
26/9/2011,1.0339,1.5518,1
27/9/2011,1.0191,1.5573,1
28/9/2011,1.0225,1.5674,1
29/9/2011,1.0338,1.5641,1
30/9/2011,1.0389,1.5595,1
3/10/2011,1.044,1.5521,1
4/10/2011,1.0604,1.5377,1
5/10/2011,null,1.547,1
6/10/2011,1.043,1.5474,1
7/10/2011,1.0328,1.5521,1
11/10/2011,1.0287,1.5647,1
12/10/2011,1.0164,1.5765,1
13/10/2011,1.0238,1.5716,1
14/10/2011,1.0147,1.5768,1
17/10/2011,1.0152,1.5748,1
18/10/2011,1.0163,1.5741,1
19/10/2011,1.0136,1.5801,1
20/10/2011,1.0218,1.5789,1
21/10/2011,null,1.5821,1
24/10/2011,1.0039,1.5926,1
25/10/2011,1.0144,1.6016,1
26/10/2011,1.0101,1.599,1
27/10/2011,0.9942,1.6018,1
28/10/2011,0.9957,1.6108,1
31/10/2011,0.9935,1.6024,1
1/11/2011,1.0198,1.5903,1
2/11/2011,1.0126,1.5991,1
3/11/2011,1.0127,1.6017,1
4/11/2011,1.018,1.6024,1
7/11/2011,1.0172,1.6054,1
8/11/2011,1.014,1.6056,1
9/11/2011,1.0173,1.5968,1
10/11/2011,1.019,1.5911,1
11/11/2011,null,1.5922,1
14/11/2011,1.0178,1.5943,1
15/11/2011,1.0235,1.5866,1
16/11/2011,1.0206,1.5771,1
17/11/2011,1.0226,1.5747,1
18/11/2011,1.0262,1.5882,1
21/11/2011,1.0385,1.5658,1
22/11/2011,1.0368,1.5655,1
23/11/2011,1.048,1.5583,1
28/11/2011,1.0327,1.5574,1
29/11/2011,1.0296,1.5621,1
30/11/2011,1.0197,1.5608,1
1/12/2011,1.0174,1.571,1
2/12/2011,1.0165,1.5692,1
5/12/2011,1.0141,1.5636,1
6/12/2011,1.0117,1.5628,1
7/12/2011,1.0105,1.5603,1
8/12/2011,1.0193,1.5707,1
9/12/2011,1.0201,1.5713,1
12/12/2011,1.0275,1.5606,1
13/12/2011,1.0284,1.5614,1
14/12/2011,1.0406,1.5495,1
15/12/2011,1.0337,1.55,1
16/12/2011,1.0388,1.5528,1
19/12/2011,1.0364,1.5504,1
20/12/2011,1.0285,1.5635,1
21/12/2011,1.0286,1.5678,1
22/12/2011,1.0214,1.5686,1
23/12/2011,1.0208,1.5678,1
27/12/2011,null,null,1
28/12/2011,1.0234,1.5671,1
29/12/2011,1.021,1.5371,1
30/12/2011,null,1.5461,1
3/1/2012,1.009,1.5611,1
4/1/2012,1.0135,1.5596,1
5/1/2012,1.0197,1.552,1
6/1/2012,1.0232,1.5498,1
9/1/2012,1.0272,1.5442,1
10/1/2012,1.0164,1.5462,1
11/1/2012,1.0192,1.5387,1
12/1/2012,1.0198,1.5351,1
13/1/2012,1.0245,1.5328,1
17/1/2012,1.0132,1.5372,1
18/1/2012,1.014,1.537,1
19/1/2012,1.0095,1.544,1
20/1/2012,1.0143,1.5466,1
23/1/2012,1.008,1.5568,1
24/1/2012,1.0097,1.5563,1
25/1/2012,1.012,1.5573,1
26/1/2012,0.9986,1.568,1
27/1/2012,1.0013,1.5705,1
30/1/2012,1.0032,1.5702,1
31/1/2012,1.0052,1.5789,1
1/2/2012,0.9971,1.5782,1
2/2/2012,null,1.583,1
3/2/2012,0.9945,1.5824,1
6/2/2012,0.9954,1.5766,1
7/2/2012,0.9948,1.5815,1
8/2/2012,0.997,1.5878,1
9/2/2012,0.9941,1.5831,1
10/2/2012,1.0016,1.5826,1
13/2/2012,0.9996,1.5797,1
14/2/2012,0.9991,1.5745,1
15/2/2012,0.9965,1.5705,1
16/2/2012,0.9962,1.5681,1
17/2/2012,0.997,1.5829,1
21/2/2012,0.9955,1.5802,1
22/2/2012,1,1.57,1
23/2/2012,0.9985,1.5715,1
24/2/2012,0.9988,1.5801,1
27/2/2012,0.9983,1.5866,1
28/2/2012,0.9956,1.585,1
29/2/2012,0.9866,1.5943,1
1/3/2012,0.9849,1.5947,1
2/3/2012,0.9888,1.5902,1
5/3/2012,0.9936,1.5816,1
6/3/2012,1.0015,1.5771,1
7/3/2012,0.9993,1.5732,1
8/3/2012,0.9921,1.5804,1
9/3/2012,0.9895,1.5795,1
12/3/2012,0.9935,1.5639,1
13/3/2012,0.9905,1.565,1
14/3/2012,0.9915,1.5706,1
15/3/2012,0.9929,1.5681,1
16/3/2012,0.9914,1.5735,1
19/3/2012,0.988,1.587,1
20/3/2012,0.9933,1.5839,1
21/3/2012,0.9931,1.5846,1
22/3/2012,1.0003,1.5793,1
23/3/2012,0.9982,1.5821,1
26/3/2012,0.9922,1.5874,1
27/3/2012,0.9928,1.5954,1
28/3/2012,0.9984,1.5915,1
29/3/2012,0.9999,1.5876,1
30/3/2012,0.9991,1.6009,1
2/4/2012,0.9917,1.604,1
3/4/2012,0.991,1.6017,1
4/4/2012,0.9962,1.5873,1
5/4/2012,0.9928,1.5823,1
6/4/2012,null,null,1
9/4/2012,0.9972,1.5878,1
10/4/2012,1.0028,1.5821,1
11/4/2012,1.0039,1.5927,1
12/4/2012,0.995,1.5959,1
13/4/2012,0.9979,1.5927,1
16/4/2012,1.0024,1.5836,1
17/4/2012,0.9878,1.5954,1
18/4/2012,0.9902,1.5983,1
19/4/2012,0.9927,1.6031,1
20/4/2012,0.9911,1.6108,1
23/4/2012,0.9936,1.6085,1
24/4/2012,0.9883,1.615,1
25/4/2012,0.9848,1.6098,1
26/4/2012,0.9841,1.6184,1
27/4/2012,0.9807,1.622,1
30/4/2012,0.9884,1.6261,1
1/5/2012,0.9839,1.6209,1
2/5/2012,0.9891,1.6177,1
3/5/2012,0.9868,1.6182,1
4/5/2012,0.9956,1.6183,1
7/5/2012,0.9935,null,1
8/5/2012,0.9997,1.6143,1
9/5/2012,1.0015,1.6127,1
10/5/2012,1.0017,1.6119,1
11/5/2012,0.9968,1.6095,1
14/5/2012,1.0019,1.6062,1
15/5/2012,1.0029,1.6047,1
16/5/2012,1.0102,1.5913,1
17/5/2012,1.0164,1.5855,1
18/5/2012,1.021,1.5789,1
21/5/2012,null,1.5813,1
22/5/2012,1.0191,1.5769,1
23/5/2012,1.0275,1.5726,1
24/5/2012,1.0275,1.5675,1
25/5/2012,1.0285,1.568,1
29/5/2012,1.0253,1.5683,1
30/5/2012,1.0286,1.5579,1
31/5/2012,1.0349,1.5504,1
1/6/2012,1.038,1.5321,1
4/6/2012,1.0418,null,1
5/6/2012,1.0414,null,1
6/6/2012,1.0297,1.5486,1
7/6/2012,1.0244,1.5497,1
8/6/2012,1.0332,1.5424,1
11/6/2012,1.0283,1.5543,1
12/6/2012,1.0268,1.5528,1
13/6/2012,1.027,1.5563,1
14/6/2012,1.0247,1.5527,1
15/6/2012,1.0244,1.5537,1
18/6/2012,1.0266,1.5647,1
19/6/2012,1.0178,1.5663,1
20/6/2012,1.0194,1.573,1
21/6/2012,1.0251,1.5705,1
22/6/2012,1.026,1.5595,1
25/6/2012,1.0303,1.5543,1
26/6/2012,1.0265,1.5638,1
27/6/2012,1.0257,1.5621,1
28/6/2012,1.0333,1.5543,1
29/6/2012,1.0191,1.5603,1
2/7/2012,null,1.567,1
3/7/2012,1.0123,1.5676,1
5/7/2012,1.0131,1.559,1
6/7/2012,1.0199,1.5542,1
9/7/2012,1.0212,1.549,1
10/7/2012,1.0203,1.5528,1
11/7/2012,1.0195,1.5562,1
12/7/2012,1.0214,1.5452,1
13/7/2012,1.0151,1.5447,1
16/7/2012,1.0157,1.5531,1
17/7/2012,1.0141,1.5632,1
18/7/2012,1.0112,1.5604,1
19/7/2012,1.0077,1.5685,1
20/7/2012,1.0114,1.57,1
23/7/2012,1.0172,1.5543,1
24/7/2012,1.0208,1.5509,1
25/7/2012,1.0181,1.5502,1
26/7/2012,1.0101,1.5579,1
27/7/2012,1.006,1.5741,1
30/7/2012,1.0033,1.5708,1
31/7/2012,1.0014,1.5686,1
1/8/2012,1.0017,1.5629,1
2/8/2012,1.0062,1.555,1
3/8/2012,0.9986,1.5592,1
6/8/2012,null,1.5551,1
7/8/2012,0.9964,1.5655,1
8/8/2012,0.9947,1.5651,1
9/8/2012,0.9924,1.5641,1
10/8/2012,0.9916,1.5609,1
13/8/2012,0.9933,1.5705,1
14/8/2012,0.9914,1.5697,1
15/8/2012,0.9891,1.5682,1
16/8/2012,0.9881,1.5694,1
17/8/2012,0.9885,1.5697,1
20/8/2012,0.989,1.5693,1
21/8/2012,0.9864,1.5757,1
22/8/2012,0.9929,1.5788,1
23/8/2012,0.9928,1.5877,1
24/8/2012,0.992,1.5843,1
27/8/2012,0.9892,1.58,1
28/8/2012,0.9864,1.5786,1
29/8/2012,0.9875,1.5822,1
30/8/2012,0.9926,1.5844,1
31/8/2012,0.9863,1.5839,1
4/9/2012,0.9863,1.5874,1
5/9/2012,0.9902,1.59,1
6/9/2012,0.9825,1.5909,1
7/9/2012,0.9778,1.5925,1
10/9/2012,0.9762,1.5995,1
11/9/2012,0.9724,1.6037,1
12/9/2012,0.9757,1.6114,1
13/9/2012,0.9753,1.6104,1
14/9/2012,0.971,1.6236,1
17/9/2012,0.9723,1.6235,1
18/9/2012,0.9742,1.6256,1
19/9/2012,0.9745,1.6207,1
20/9/2012,0.9774,1.6191,1
21/9/2012,null,1.6274,1
24/9/2012,0.9801,1.6201,1
25/9/2012,0.977,1.6217,1
26/9/2012,0.9842,1.6191,1
27/9/2012,0.9814,1.6198,1
28/9/2012,0.9837,1.6191,1
1/10/2012,0.9827,1.6145,1
2/10/2012,0.9829,1.6147,1
3/10/2012,0.987,1.6112,1
4/10/2012,0.9822,1.6109,1
5/10/2012,0.9763,1.6188,1
9/10/2012,0.9788,1.6015,1
10/10/2012,0.9787,1.6002,1
11/10/2012,0.9782,1.6032,1
12/10/2012,0.9799,1.6064,1
15/10/2012,0.9784,1.6055,1
16/10/2012,0.9854,1.609,1
17/10/2012,0.9796,1.6162,1
18/10/2012,0.9808,1.6149,1
19/10/2012,0.9932,1.6058,1
22/10/2012,0.9938,1.6043,1
23/10/2012,0.9934,1.5984,1
24/10/2012,0.9946,1.6006,1
25/10/2012,0.9942,1.6138,1
26/10/2012,0.999,1.6102,1
29/10/2012,null,1.6054,1
30/10/2012,null,1.6062,1
31/10/2012,0.9996,1.6116,1
1/11/2012,null,1.6163,1
2/11/2012,0.9964,1.6088,1
5/11/2012,0.9965,1.5976,1
6/11/2012,0.9936,1.5981,1
7/11/2012,0.9972,1.5996,1
8/11/2012,0.9986,1.595,1
9/11/2012,1.0006,1.5945,1
12/11/2012,null,1.5876,1
13/11/2012,1.0016,1.5906,1
14/11/2012,1.0018,1.5869,1
15/11/2012,null,1.5849,1
16/11/2012,1.0028,1.5859,1
19/11/2012,0.9964,1.5904,1
20/11/2012,0.997,1.5926,1
21/11/2012,0.998,1.5933,1
26/11/2012,0.9949,1.6017,1
27/11/2012,0.9936,1.6029,1
28/11/2012,0.9929,1.5983,1
29/11/2012,0.993,1.6019,1
30/11/2012,0.9932,1.6057,1
3/12/2012,0.9928,1.605,1
4/12/2012,0.9927,1.6122,1
5/12/2012,0.9912,1.6114,1
6/12/2012,0.991,1.6107,1
7/12/2012,0.989,1.6024,1
10/12/2012,0.9872,1.6054,1
11/12/2012,0.9867,1.609,1
12/12/2012,0.9854,1.6142,1
13/12/2012,null,1.6129,1
14/12/2012,0.986,1.6119,1
17/12/2012,0.9841,1.6204,1
18/12/2012,0.9854,1.6203,1
19/12/2012,0.9868,1.6299,1
20/12/2012,0.9883,1.6266,1
21/12/2012,0.9942,1.6237,1
26/12/2012,null,null,1
27/12/2012,0.9949,1.6175,1
28/12/2012,0.9952,1.6116,1
2/1/2013,0.9859,1.6296,1
3/1/2013,0.9853,1.618,1
4/1/2013,0.9856,1.6017,1
7/1/2013,0.986,1.6058,1
8/1/2013,0.9873,1.61,1
9/1/2013,0.9868,1.6029,1
10/1/2013,0.986,1.606,1
11/1/2013,0.9841,1.6111,1
14/1/2013,0.984,1.608,1
15/1/2013,0.9839,1.6051,1
16/1/2013,0.985,1.6038,1
17/1/2013,0.9853,1.6029,1
18/1/2013,0.9937,1.5941,1
22/1/2013,0.9934,1.5867,1
23/1/2013,0.9986,1.5856,1
24/1/2013,1.0026,1.5823,1
25/1/2013,1.0078,1.5764,1
28/1/2013,1.0069,1.5705,1
29/1/2013,1.0029,1.5739,1
30/1/2013,1.0033,1.5774,1
31/1/2013,0.9992,1.5783,1
1/2/2013,0.9987,1.5832,1
4/2/2013,0.9977,1.5724,1
5/2/2013,0.9972,1.5748,1
6/2/2013,0.996,1.566,1
7/2/2013,0.9993,1.5715,1
8/2/2013,1.002,1.5746,1
11/2/2013,null,1.5687,1
12/2/2013,1.0029,1.5612,1
13/2/2013,1.002,1.5571,1
14/2/2013,1.0008,1.551,1
15/2/2013,1.007,1.5492,1
19/2/2013,1.0118,1.5467,1
20/2/2013,1.0163,1.53,1
21/2/2013,1.0185,1.5253,1
22/2/2013,1.0224,1.5256,1
25/2/2013,1.0265,1.5126,1
26/2/2013,1.028,1.5142,1
27/2/2013,1.025,1.5126,1
28/2/2013,1.0285,1.5192,1
1/3/2013,1.0285,1.5018,1
4/3/2013,1.0298,1.5048,1
5/3/2013,1.029,1.5157,1
6/3/2013,null,1.5091,1
7/3/2013,1.0302,1.4986,1
8/3/2013,1.0273,1.5039,1
11/3/2013,1.0268,1.4873,1
12/3/2013,1.0254,1.4881,1
13/3/2013,1.0273,1.497,1
14/3/2013,1.0261,1.4944,1
15/3/2013,1.0193,1.5157,1
18/3/2013,1.0217,1.5107,1
19/3/2013,1.0274,1.5114,1
20/3/2013,1.0268,1.5115,1
21/3/2013,1.0241,1.5187,1
22/3/2013,1.0225,1.5205,1
25/3/2013,1.0218,1.5217,1
26/3/2013,1.0166,1.5144,1
27/3/2013,null,1.5097,1
28/3/2013,1.0156,1.5122,1
29/3/2013,null,null,1
1/4/2013,1.0167,null,1
2/4/2013,1.0148,1.5194,1
3/4/2013,1.0134,1.5109,1
4/4/2013,1.0139,1.5054,1
5/4/2013,1.0191,1.5222,1
8/4/2013,1.0198,1.5304,1
9/4/2013,1.0162,1.5294,1
10/4/2013,1.015,1.5306,1
11/4/2013,1.0107,1.5391,1
12/4/2013,1.0134,1.5374,1
15/4/2013,1.0206,1.5339,1
16/4/2013,1.023,1.5306,1
17/4/2013,1.0262,1.5254,1
18/4/2013,1.0255,1.5256,1
19/4/2013,1.0264,1.535,1
22/4/2013,1.0263,1.5238,1
23/4/2013,1.0259,1.5239,1
24/4/2013,1.027,1.5277,1
25/4/2013,1.0194,1.544,1
26/4/2013,1.017,1.5457,1
29/4/2013,1.0138,1.5522,1
30/4/2013,1.0072,1.5485,1
1/5/2013,1.0084,1.5569,1
2/5/2013,1.0083,1.5574,1
3/5/2013,1.0079,1.5555,1
6/5/2013,1.0075,1.5538,1
7/5/2013,1.0052,1.5534,1
8/5/2013,1.0023,1.5503,1
9/5/2013,1.0027,1.557,1
10/5/2013,1.0124,1.54,1
13/5/2013,1.0108,1.5372,1
14/5/2013,1.0148,1.5277,1
15/5/2013,1.0173,1.5204,1
16/5/2013,1.0163,1.5211,1
17/5/2013,1.0269,1.5249,1
20/5/2013,null,1.5198,1
21/5/2013,1.0277,1.5152,1
22/5/2013,1.0333,1.5092,1
23/5/2013,1.031,1.5087,1
24/5/2013,1.0323,1.5118,1
28/5/2013,1.0371,1.5108,1
29/5/2013,1.037,1.5068,1
30/5/2013,1.0309,1.5154,1
31/5/2013,1.0339,1.5214,1
3/6/2013,1.0291,1.5253,1
4/6/2013,1.0348,1.5293,1
5/6/2013,1.0345,1.536,1
6/6/2013,1.0238,1.5449,1
7/6/2013,1.021,1.5576,1
10/6/2013,1.0187,1.5541,1
11/6/2013,1.019,1.554,1
12/6/2013,1.0202,1.5661,1
13/6/2013,1.017,1.5671,1
14/6/2013,1.0177,1.5645,1
17/6/2013,1.0176,1.5708,1
18/6/2013,1.0209,1.5619,1
19/6/2013,1.0187,1.5639,1
20/6/2013,1.0387,1.5453,1
21/6/2013,1.047,1.548,1
24/6/2013,1.0532,1.5354,1
25/6/2013,1.0513,1.5448,1
26/6/2013,1.0469,1.5358,1
27/6/2013,1.048,1.5284,1
28/6/2013,null,1.5231,1
1/7/2013,null,1.5223,1
2/7/2013,1.053,1.5194,1
3/7/2013,1.0523,1.5254,1
8/7/2013,1.0576,1.4906,1
9/7/2013,1.053,1.4856,1
10/7/2013,1.0511,1.4899,1
11/7/2013,1.0389,1.5112,1
12/7/2013,1.0392,1.5109,1
15/7/2013,1.0413,1.5054,1
16/7/2013,1.0388,1.5104,1
17/7/2013,1.0425,1.5222,1
18/7/2013,1.0396,1.5219,1
19/7/2013,1.0363,1.5253,1
22/7/2013,1.0337,1.5333,1
23/7/2013,1.0304,1.5348,1
24/7/2013,1.0298,1.5351,1
25/7/2013,1.0283,1.5282,1
26/7/2013,1.0291,1.5405,1
29/7/2013,1.0261,1.539,1
30/7/2013,1.0293,1.5313,1
31/7/2013,1.0287,1.5196,1
1/8/2013,1.0338,1.5165,1
2/8/2013,1.0382,1.5146,1
5/8/2013,null,1.5348,1
6/8/2013,1.0379,1.5358,1
7/8/2013,1.0416,1.5448,1
8/8/2013,1.0348,1.5511,1
9/8/2013,1.0303,1.5532,1
12/8/2013,1.0297,1.548,1
13/8/2013,1.0345,1.5453,1
14/8/2013,1.0322,1.5483,1
15/8/2013,1.034,1.5578,1
16/8/2013,1.0345,1.5642,1
19/8/2013,1.0334,1.565,1
20/8/2013,1.0376,1.5661,1
21/8/2013,1.0443,1.5665,1
22/8/2013,1.0512,1.5574,1
23/8/2013,1.0515,1.5603,1
26/8/2013,1.0514,null,1
27/8/2013,1.0503,1.5516,1
28/8/2013,1.049,1.5463,1
29/8/2013,1.0526,1.5507,1
30/8/2013,1.0553,1.5501,1
3/9/2013,1.0533,1.5575,1
4/9/2013,1.0482,1.5612,1
5/9/2013,1.05,1.5615,1
6/9/2013,1.039,1.5565,1
9/9/2013,1.0366,1.5673,1
10/9/2013,1.0357,1.5702,1
11/9/2013,1.0337,1.5771,1
12/9/2013,1.032,1.5811,1
13/9/2013,1.0341,1.5812,1
16/9/2013,1.0316,1.5924,1
17/9/2013,1.0291,1.5903,1
18/9/2013,1.0312,1.5966,1
19/9/2013,1.0237,1.6081,1
20/9/2013,1.0287,1.6024,1
23/9/2013,1.0283,1.6052,1
24/9/2013,1.0295,1.5982,1
25/9/2013,1.0295,1.604,1
26/9/2013,1.0321,1.6057,1
27/9/2013,1.03,1.6088,1
30/9/2013,1.0285,1.6153,1
1/10/2013,1.0333,1.623,1
2/10/2013,1.0332,1.6202,1
3/10/2013,1.0323,1.6215,1
4/10/2013,1.0306,1.6048,1
7/10/2013,1.0306,1.607,1
8/10/2013,1.0331,1.6082,1
9/10/2013,1.0397,1.5972,1
10/10/2013,1.0383,1.5938,1
11/10/2013,1.0385,1.5977,1
15/10/2013,1.0371,1.5923,1
16/10/2013,1.0345,1.6032,1
17/10/2013,1.0285,1.606,1
18/10/2013,1.0287,1.6212,1
21/10/2013,1.0297,1.6167,1
22/10/2013,1.0284,1.6133,1
23/10/2013,1.0385,1.613,1
24/10/2013,1.0422,1.6182,1
25/10/2013,1.045,1.6199,1
28/10/2013,1.0445,1.6188,1
29/10/2013,1.0445,1.6069,1
30/10/2013,1.0456,1.6064,1
31/10/2013,1.0429,1.6037,1
1/11/2013,1.0443,1.5955,1
4/11/2013,1.0415,1.5972,1
5/11/2013,1.0448,1.6048,1
6/11/2013,1.0419,1.6087,1
7/11/2013,1.0442,1.6081,1
8/11/2013,1.0487,1.6075,1
11/11/2013,null,1.5993,1
12/11/2013,1.0502,1.5877,1
13/11/2013,1.0468,1.5965,1
14/11/2013,1.0497,1.6019,1
15/11/2013,1.0458,1.6077,1
18/11/2013,1.0427,1.6099,1
19/11/2013,1.0466,1.6075,1
20/11/2013,1.0445,1.6141,1
21/11/2013,1.0506,1.6129,1
22/11/2013,1.0535,1.6196,1
25/11/2013,1.0554,1.6205,1
26/11/2013,1.0547,1.6183,1
27/11/2013,1.0595,1.6319,1
2/12/2013,1.0634,1.6381,1
3/12/2013,1.0662,1.6429,1
4/12/2013,1.0696,1.6363,1
5/12/2013,1.0638,1.6345,1
6/12/2013,1.0663,1.6358,1
9/12/2013,1.0641,1.638,1
10/12/2013,null,1.6439,1
11/12/2013,1.0607,1.6378,1
12/12/2013,1.0641,1.6402,1
13/12/2013,1.0595,1.6273,1
16/12/2013,1.0577,1.6323,1
17/12/2013,1.061,1.626,1
18/12/2013,1.0645,1.6354,1
19/12/2013,1.0676,1.6372,1
20/12/2013,1.068,1.6338,1
23/12/2013,1.0603,1.6357,1
24/12/2013,1.0619,1.636,1
26/12/2013,null,null,1
27/12/2013,1.0697,1.6539,1
30/12/2013,1.064,1.6468,1
2/1/2014,1.0633,1.6527,1
3/1/2014,1.0614,1.6463,1
6/1/2014,1.0659,1.6378,1
7/1/2014,1.0742,1.6409,1
8/1/2014,1.0804,1.6423,1
9/1/2014,1.0851,1.6453,1
10/1/2014,1.0917,1.6423,1
13/1/2014,1.0869,1.6448,1
14/1/2014,1.0934,1.6426,1
15/1/2014,1.0933,1.6422,1
16/1/2014,1.0926,1.6335,1
17/1/2014,1.0961,1.6443,1
21/1/2014,null,1.6417,1
22/1/2014,1.1069,1.6549,1
23/1/2014,1.113,1.6596,1
24/1/2014,1.1062,1.6612,1
27/1/2014,1.1098,1.6562,1
28/1/2014,1.1148,1.6564,1
29/1/2014,1.1148,1.6558,1
30/1/2014,1.1171,1.6488,1
31/1/2014,1.1119,1.646,1
3/2/2014,1.1076,1.6333,1
4/2/2014,1.1055,1.632,1
5/2/2014,1.1101,1.6274,1
6/2/2014,1.1066,1.631,1
7/2/2014,1.1018,1.6335,1
10/2/2014,1.1048,1.6391,1
11/2/2014,1.1025,1.6434,1
12/2/2014,1.0993,1.6526,1
13/2/2014,1.098,1.663,1
14/2/2014,1.0981,1.6708,1
18/2/2014,1.0953,1.6683,1
19/2/2014,1.1045,1.6664,1
20/2/2014,1.1104,1.6655,1
21/2/2014,1.1128,1.6666,1
24/2/2014,1.1058,1.6639,1
25/2/2014,1.1084,1.6688,1
26/2/2014,1.1117,1.6691,1
27/2/2014,1.114,1.6641,1
28/2/2014,1.1075,1.6688,1
3/3/2014,null,1.6716,1
4/3/2014,1.1114,1.6691,1
5/3/2014,1.1051,1.6703,1
6/3/2014,1.0966,1.6728,1
7/3/2014,1.1089,1.6765,1
10/3/2014,1.1105,1.6634,1
11/3/2014,1.1085,1.661,1
12/3/2014,1.1132,1.6592,1
13/3/2014,1.1057,1.6714,1
14/3/2014,1.1087,1.659,1
17/3/2014,null,1.661,1
18/3/2014,1.1086,1.6622,1
19/3/2014,1.1179,1.6653,1
20/3/2014,1.1251,1.6516,1
21/3/2014,1.1194,1.6505,1
24/3/2014,1.1217,1.6491,1
25/3/2014,1.1176,1.6502,1
26/3/2014,1.1143,1.6546,1
27/3/2014,1.1057,1.6637,1
28/3/2014,1.1064,1.6627,1
31/3/2014,1.1053,1.6643,1
1/4/2014,1.1027,1.6643,1
2/4/2014,1.1031,1.6641,1
3/4/2014,1.1035,1.6591,1
4/4/2014,1.0978,1.6586,1
7/4/2014,1.0971,1.6582,1
8/4/2014,1.0922,1.6714,1
9/4/2014,1.0903,1.6741,1
10/4/2014,1.0912,1.6788,1
11/4/2014,1.096,1.6742,1
14/4/2014,1.097,1.6719,1
15/4/2014,1.0981,1.6719,1
16/4/2014,1.1028,1.6789,1
17/4/2014,1.0998,1.6814,1
18/4/2014,null,null,1
21/4/2014,1.1021,null,1
22/4/2014,1.1026,1.6822,1
23/4/2014,1.1032,1.6803,1
24/4/2014,1.1027,1.679,1
25/4/2014,1.1042,1.6817,1
28/4/2014,1.1033,1.684,1
29/4/2014,1.0963,1.6804,1
30/4/2014,1.0957,1.6821,1
1/5/2014,1.0965,1.6902,1
2/5/2014,1.0973,1.6861,1
5/5/2014,1.0955,1.6869,1
6/5/2014,1.089,1.6966,1
7/5/2014,1.0896,1.6965,1
8/5/2014,1.0858,1.6968,1
9/5/2014,1.09,1.6896,1
12/5/2014,1.0887,1.6889,1
13/5/2014,1.0892,1.6832,1
14/5/2014,1.0887,1.6773,1
15/5/2014,1.0887,1.6754,1
16/5/2014,1.0882,1.6797,1
19/5/2014,null,1.6818,1
20/5/2014,1.0901,1.6827,1
21/5/2014,1.0933,1.689,1
22/5/2014,1.0898,1.6865,1
23/5/2014,1.087,1.6839,1
27/5/2014,1.0869,1.6822,1
28/5/2014,1.0867,1.6755,1
29/5/2014,1.0837,1.6725,1
30/5/2014,1.0867,1.673,1
2/6/2014,1.0895,1.6754,1
3/6/2014,1.0915,1.6744,1
4/6/2014,1.0937,1.6742,1
5/6/2014,1.0934,1.6765,1
6/6/2014,1.0936,1.6813,1
9/6/2014,1.091,1.6809,1
10/6/2014,1.0915,1.6779,1
11/6/2014,null,1.678,1
12/6/2014,1.0851,1.6825,1
13/6/2014,1.0868,1.695,1
16/6/2014,1.085,1.6968,1
17/6/2014,1.0852,1.6985,1
18/6/2014,1.087,1.6945,1
19/6/2014,1.0828,1.7019,1
20/6/2014,1.0766,1.7043,1
23/6/2014,1.0731,1.7025,1
24/6/2014,1.074,1.6993,1
25/6/2014,null,1.6971,1
26/6/2014,1.0707,1.7028,1
27/6/2014,1.0676,1.7025,1
30/6/2014,1.0676,1.7035,1
1/7/2014,null,1.7136,1
2/7/2014,1.0667,1.7161,1
3/7/2014,1.0634,1.7137,1
7/7/2014,1.0662,1.712,1
8/7/2014,1.0674,1.7119,1
9/7/2014,1.065,1.7111,1
10/7/2014,1.0658,1.7112,1
11/7/2014,1.072,1.7135,1
14/7/2014,1.0722,1.711,1
15/7/2014,1.0766,1.7152,1
16/7/2014,1.075,1.7131,1
17/7/2014,1.0753,1.711,1
18/7/2014,1.0737,1.7096,1
21/7/2014,1.0737,1.7078,1
22/7/2014,1.0745,1.7068,1
23/7/2014,1.0741,1.7049,1
24/7/2014,1.0742,1.7013,1
25/7/2014,1.0814,1.6986,1
28/7/2014,1.0801,1.6986,1
29/7/2014,1.0851,1.6955,1
30/7/2014,1.0909,1.6935,1
31/7/2014,1.089,1.6883,1
1/8/2014,1.0919,1.6836,1
4/8/2014,null,1.6818,1
5/8/2014,1.097,1.6871,1
6/8/2014,1.0926,1.683,1
7/8/2014,1.0922,1.6864,1
8/8/2014,1.0982,1.6805,1
11/8/2014,1.0935,1.6782,1
12/8/2014,1.0944,1.6779,1
13/8/2014,1.0929,1.6715,1
14/8/2014,1.0911,1.6683,1
15/8/2014,1.091,1.6691,1
18/8/2014,1.0889,1.6725,1
19/8/2014,1.0929,1.6647,1
20/8/2014,1.0944,1.664,1
21/8/2014,1.0948,1.6588,1
22/8/2014,1.095,1.6573,1
25/8/2014,1.098,1.6583,1
26/8/2014,1.0951,1.6572,1
27/8/2014,1.0891,1.6579,1
28/8/2014,1.0857,1.658,1
29/8/2014,1.0858,1.6592,1
2/9/2014,1.0925,1.6536,1
3/9/2014,1.0873,1.6465,1
4/9/2014,1.0863,1.6451,1
5/9/2014,1.089,1.6312,1
8/9/2014,1.0933,1.6121,1
9/9/2014,1.1012,1.613,1
10/9/2014,1.0955,1.6126,1
11/9/2014,1.1032,1.6241,1
12/9/2014,1.1076,1.624,1
15/9/2014,1.1051,1.6246,1
16/9/2014,1.099,1.6192,1
17/9/2014,1.0952,1.6307,1
18/9/2014,1.0946,1.6335,1
19/9/2014,1.0969,1.6387,1
22/9/2014,1.1008,1.6326,1
23/9/2014,1.106,1.6385,1
24/9/2014,1.109,1.6407,1
25/9/2014,1.1106,1.6303,1
26/9/2014,1.1164,1.6318,1
29/9/2014,1.1145,1.6231,1
30/9/2014,1.1208,1.618,1
1/10/2014,1.1171,1.619,1
2/10/2014,1.1151,1.6148,1
3/10/2014,1.1256,1.607,1
6/10/2014,1.1175,1.5984,1
7/10/2014,1.1182,1.6063,1
8/10/2014,1.1182,1.6077,1
9/10/2014,1.1149,1.6214,1
10/10/2014,1.1177,1.6057,1
14/10/2014,1.1236,1.595,1
15/10/2014,1.1289,1.5919,1
16/10/2014,1.1266,1.5985,1
17/10/2014,1.1248,1.6104,1
20/10/2014,1.1277,1.6123,1
21/10/2014,1.1219,1.6147,1
22/10/2014,null,1.6053,1
23/10/2014,1.1237,1.6007,1
24/10/2014,1.1213,1.604,1
27/10/2014,1.1247,1.6095,1
28/10/2014,1.1178,1.6114,1
29/10/2014,1.1136,1.6116,1
30/10/2014,1.1193,1.5986,1
31/10/2014,1.1275,1.6004,1
3/11/2014,1.132,1.6001,1
4/11/2014,1.1397,1.5999,1
5/11/2014,1.1377,1.589,1
6/11/2014,1.1424,1.5955,1
7/11/2014,1.136,1.583,1
10/11/2014,1.1345,1.59,1
11/11/2014,null,1.5866,1
12/11/2014,1.1284,1.5841,1
13/11/2014,1.135,1.5753,1
14/11/2014,1.1294,1.5655,1
17/11/2014,1.1308,1.5642,1
18/11/2014,1.1305,1.5668,1
19/11/2014,1.135,1.5684,1
20/11/2014,1.1312,1.5688,1
21/11/2014,1.1238,1.5664,1
24/11/2014,1.1282,1.5689,1
25/11/2014,1.1261,1.567,1
26/11/2014,1.1236,1.5745,1
1/12/2014,1.1344,1.5708,1
2/12/2014,1.14,1.5681,1
3/12/2014,1.136,1.5658,1
4/12/2014,1.1373,1.5679,1
5/12/2014,1.1423,1.5678,1
8/12/2014,1.1472,1.562,1
9/12/2014,1.1422,1.5631,1
10/12/2014,1.1482,1.5694,1
11/12/2014,1.1535,1.5685,1
12/12/2014,1.154,1.5718,1
15/12/2014,1.163,1.5666,1
16/12/2014,1.1625,1.5737,1
17/12/2014,1.1629,1.5731,1
18/12/2014,1.1594,1.5654,1
19/12/2014,1.1629,1.5622,1
22/12/2014,1.1643,1.5613,1
23/12/2014,1.1627,1.5558,1
24/12/2014,1.1623,1.5543,1
29/12/2014,1.1632,1.5546,1
30/12/2014,1.1599,1.5535,1
31/12/2014,1.1601,1.5608,1
5/1/2015,1.1787,1.5254,1
6/1/2015,1.1804,1.5193,1
7/1/2015,1.1851,1.5121,1
8/1/2015,1.1812,1.5062,1
9/1/2015,1.1857,1.515,1
12/1/2015,1.193,1.514,1
13/1/2015,1.1948,1.5142,1
14/1/2015,1.1958,1.5192,1
15/1/2015,1.1932,1.5235,1
16/1/2015,1.1986,1.5203,1
20/1/2015,1.2085,1.5143,1
21/1/2015,1.2374,1.5116,1
22/1/2015,1.2371,1.5179,1
23/1/2015,1.2403,1.4972,1
26/1/2015,1.2411,1.5014,1
27/1/2015,1.2404,1.508,1
28/1/2015,1.2451,1.5195,1
29/1/2015,1.2644,1.513,1
30/1/2015,1.2717,1.5082,1
2/2/2015,1.2578,1.5025,1
3/2/2015,1.2456,1.506,1
4/2/2015,1.255,1.5205,1
5/2/2015,1.2422,1.5245,1
6/2/2015,1.2523,1.5332,1
9/2/2015,1.2448,1.5221,1
10/2/2015,1.2528,1.5214,1
11/2/2015,1.2635,1.5292,1
12/2/2015,1.2462,1.5338,1
13/2/2015,1.2449,1.5386,1
17/2/2015,null,1.539,1
18/2/2015,1.2455,1.5422,1
19/2/2015,1.2486,1.5456,1
20/2/2015,1.2506,1.5368,1
23/2/2015,1.258,1.5361,1
24/2/2015,1.2603,1.5447,1
25/2/2015,1.2419,1.5498,1
26/2/2015,1.249,1.5515,1
27/2/2015,1.2508,1.5429,1
2/3/2015,1.2535,1.5404,1
3/3/2015,1.2452,1.5366,1
4/3/2015,1.244,1.5341,1
5/3/2015,1.2482,1.5244,1
6/3/2015,1.2616,1.5176,1
9/3/2015,1.2598,1.5103,1
10/3/2015,1.2633,1.5043,1
11/3/2015,1.2764,1.5053,1
12/3/2015,1.2691,1.4986,1
13/3/2015,1.2803,1.4802,1
16/3/2015,1.2765,1.4786,1
17/3/2015,1.2769,1.475,1
18/3/2015,1.2771,1.4635,1
19/3/2015,1.2744,1.4895,1
20/3/2015,1.2595,1.4776,1
23/3/2015,1.2516,1.491,1
24/3/2015,1.2511,1.4911,1
25/3/2015,1.2513,1.4915,1
26/3/2015,1.2471,1.4929,1
27/3/2015,1.258,1.4905,1
30/3/2015,1.2689,1.4801,1
31/3/2015,1.2683,1.48,1
1/4/2015,1.2612,1.4774,1
2/4/2015,1.2585,1.4785,1
3/4/2015,null,null,1
6/4/2015,1.2452,null,1
7/4/2015,1.2488,1.4887,1
8/4/2015,1.2508,1.4943,1
9/4/2015,1.258,1.4826,1
10/4/2015,1.2595,1.4625,1
13/4/2015,1.2602,1.4598,1
14/4/2015,1.2478,1.4649,1
15/4/2015,1.2379,1.4738,1
16/4/2015,1.2206,1.4907,1
17/4/2015,1.2229,1.5028,1
20/4/2015,1.2204,1.4917,1
21/4/2015,1.2274,1.4879,1
22/4/2015,1.225,1.5037,1
23/4/2015,1.2147,1.5005,1
24/4/2015,1.2166,1.5115,1
27/4/2015,1.2105,1.5133,1
28/4/2015,1.2021,1.5289,1
29/4/2015,1.1954,1.5368,1
30/4/2015,1.2119,1.5426,1
1/5/2015,1.2192,1.5277,1
4/5/2015,1.2111,null,1
5/5/2015,1.204,1.5132,1
6/5/2015,1.2009,1.5225,1
7/5/2015,1.2139,1.5219,1
8/5/2015,1.2088,1.5424,1
11/5/2015,1.2105,1.548,1
12/5/2015,1.1987,1.5672,1
13/5/2015,1.1951,1.5682,1
14/5/2015,1.1992,1.5797,1
15/5/2015,1.201,1.5723,1
18/5/2015,null,1.5684,1
19/5/2015,1.2211,1.552,1
20/5/2015,1.2212,1.5521,1
21/5/2015,1.2201,1.5688,1
22/5/2015,1.2288,1.5645,1
26/5/2015,1.243,1.5414,1
27/5/2015,1.2485,1.5385,1
28/5/2015,1.2477,1.5292,1
29/5/2015,1.2465,1.5248,1
1/6/2015,1.255,1.5206,1
2/6/2015,1.2423,1.5238,1
3/6/2015,1.2436,1.5284,1
4/6/2015,1.2477,1.5433,1
5/6/2015,1.2489,1.53,1
8/6/2015,1.2435,1.5237,1
9/6/2015,1.2317,1.5291,1
10/6/2015,1.2267,1.5463,1
11/6/2015,1.2314,1.5467,1
12/6/2015,1.2304,1.5504,1
15/6/2015,1.2323,1.5498,1
16/6/2015,1.233,1.5584,1
17/6/2015,1.2308,1.5743,1
18/6/2015,1.2209,1.5903,1
19/6/2015,1.2279,1.5843,1
22/6/2015,1.2288,1.5818,1
23/6/2015,1.2327,1.5778,1
24/6/2015,1.2415,1.5756,1
25/6/2015,1.2347,1.5711,1
26/6/2015,1.2359,1.5741,1
29/6/2015,1.2382,1.5693,1
30/6/2015,1.2474,1.5718,1
1/7/2015,null,1.5659,1
2/7/2015,null,1.5595,1
6/7/2015,1.2626,1.5558,1
7/7/2015,1.274,1.5459,1
8/7/2015,1.2722,1.5362,1
9/7/2015,1.2729,1.5383,1
10/7/2015,1.2715,1.5523,1
13/7/2015,1.2762,1.5559,1
14/7/2015,1.2748,1.5572,1
15/7/2015,1.2937,1.5634,1
16/7/2015,1.2939,1.5614,1
17/7/2015,1.2998,1.5603,1
20/7/2015,1.2982,1.5563,1
21/7/2015,1.2961,1.5545,1
22/7/2015,1.3026,1.5606,1
23/7/2015,1.303,1.5593,1
24/7/2015,1.306,1.5493,1
27/7/2015,1.3009,1.5512,1
28/7/2015,1.2934,1.5591,1
29/7/2015,1.2893,1.5641,1
30/7/2015,1.3026,1.5618,1
31/7/2015,1.3047,1.5574,1
3/8/2015,null,1.56,1
4/8/2015,1.3125,1.5596,1
5/8/2015,1.3183,1.5591,1
6/8/2015,1.3152,1.5588,1
7/8/2015,1.3122,1.551,1
10/8/2015,1.3056,1.5471,1
11/8/2015,1.3148,1.5577,1
12/8/2015,1.2973,1.5587,1
13/8/2015,1.3078,1.5626,1
14/8/2015,1.3078,1.563,1
17/8/2015,1.3091,1.563,1
18/8/2015,1.3073,1.5704,1
19/8/2015,null,1.567,1
20/8/2015,1.308,1.5649,1
21/8/2015,1.3149,1.5687,1
24/8/2015,1.3213,1.5717,1
25/8/2015,1.3296,1.5792,1
26/8/2015,1.3303,1.5625,1
27/8/2015,1.3197,1.5453,1
28/8/2015,1.3269,1.5389,1
31/8/2015,1.3223,null,1
1/9/2015,1.3179,1.5353,1
2/9/2015,1.3311,1.5276,1
3/9/2015,1.3199,1.5281,1
4/9/2015,1.3273,1.5227,1
8/9/2015,1.3195,1.5372,1
9/9/2015,1.3223,1.536,1
10/9/2015,1.3219,1.5386,1
11/9/2015,1.3276,1.5419,1
14/9/2015,1.327,1.5431,1
15/9/2015,1.3263,1.5428,1
16/9/2015,1.3178,1.543,1
17/9/2015,1.3186,1.5531,1
18/9/2015,1.3147,1.5638,1
21/9/2015,1.325,1.5533,1
22/9/2015,1.3278,1.544,1
23/9/2015,1.3315,1.5314,1
24/9/2015,1.3351,1.5269,1
25/9/2015,1.3325,1.5219,1
28/9/2015,1.3361,1.5197,1
29/9/2015,1.3413,1.5191,1
30/9/2015,1.3394,1.5199,1
1/10/2015,1.3242,1.5134,1
2/10/2015,1.3214,1.5149,1
5/10/2015,1.3085,1.5191,1
6/10/2015,1.3056,1.5163,1
7/10/2015,1.3036,1.5313,1
8/10/2015,1.3018,1.5344,1
9/10/2015,1.2946,1.5338,1
13/10/2015,1.2986,1.5243,1
14/10/2015,1.2982,1.536,1
15/10/2015,1.2904,1.5487,1
16/10/2015,1.2933,1.5449,1
19/10/2015,1.2998,1.5494,1
20/10/2015,1.2974,1.548,1
21/10/2015,1.3116,1.5452,1
22/10/2015,1.3088,1.5479,1
23/10/2015,1.3172,1.5388,1
26/10/2015,1.3134,1.5343,1
27/10/2015,1.3241,1.5333,1
28/10/2015,1.3148,1.5291,1
29/10/2015,1.317,1.5262,1
30/10/2015,1.3083,1.5349,1
2/11/2015,1.3095,1.5465,1
3/11/2015,1.3106,1.5399,1
4/11/2015,1.3164,1.542,1
5/11/2015,1.3167,1.539,1
6/11/2015,1.3308,1.5139,1
9/11/2015,1.3275,1.5104,1
10/11/2015,1.3259,1.5106,1
11/11/2015,null,1.5161,1
12/11/2015,1.3307,1.5185,1
13/11/2015,1.3332,1.5221,1
16/11/2015,1.3353,1.5195,1
17/11/2015,1.3324,1.5201,1
18/11/2015,1.3353,1.5212,1
19/11/2015,1.3267,1.5265,1
20/11/2015,1.3338,1.5272,1
23/11/2015,1.3357,1.5126,1
24/11/2015,1.3308,1.511,1
25/11/2015,1.3301,1.5061,1
30/11/2015,1.3333,1.5006,1
1/12/2015,1.3372,1.5078,1
2/12/2015,1.336,1.5033,1
3/12/2015,1.3394,1.4933,1
4/12/2015,1.3365,1.5116,1
7/12/2015,1.3508,1.5063,1
8/12/2015,1.3593,1.5,1
9/12/2015,1.3595,1.5072,1
10/12/2015,1.3599,1.5176,1
11/12/2015,1.3696,1.515,1
14/12/2015,1.3733,1.512,1
15/12/2015,1.3728,1.5156,1
16/12/2015,1.3805,1.5025,1
17/12/2015,1.397,1.4916,1
18/12/2015,1.3882,1.4918,1
21/12/2015,1.399,1.4898,1
22/12/2015,1.3929,1.4873,1
23/12/2015,1.386,1.4888,1
24/12/2015,1.3845,1.4921,1
28/12/2015,null,null,1
29/12/2015,1.385,1.4824,1
30/12/2015,1.3884,1.481,1
31/12/2015,1.384,1.4819,1
4/1/2016,1.3969,1.477,1
5/1/2016,1.3993,1.4669,1
6/1/2016,1.4084,1.4663,1
7/1/2016,1.4061,1.4566,1
8/1/2016,1.4151,1.4602,1
11/1/2016,1.4205,1.4568,1
12/1/2016,1.4291,1.4432,1
13/1/2016,1.4294,1.4392,1
14/1/2016,1.4373,1.4384,1
15/1/2016,1.4528,1.4352,1
19/1/2016,1.4514,1.4302,1
20/1/2016,1.4589,1.4157,1
21/1/2016,1.4243,1.4119,1
22/1/2016,1.4151,1.4292,1
25/1/2016,1.4252,1.4235,1
26/1/2016,1.4062,1.4235,1
27/1/2016,1.4043,1.4308,1
28/1/2016,1.4073,1.4307,1
29/1/2016,1.408,1.4304,1
1/2/2016,1.4006,1.4272,1
2/2/2016,1.404,1.4424,1
3/2/2016,1.3846,1.4499,1
4/2/2016,1.3726,1.4597,1
5/2/2016,1.3876,1.4529,1
8/2/2016,1.3921,1.4419,1
9/2/2016,1.382,1.4423,1
10/2/2016,1.3968,1.4518,1
11/2/2016,1.393,1.4421,1
12/2/2016,1.3835,1.4534,1
16/2/2016,1.386,1.4421,1
17/2/2016,1.3684,1.4311,1
18/2/2016,1.3721,1.437,1
19/2/2016,1.3801,1.4288,1
22/2/2016,1.3685,1.4122,1
23/2/2016,1.3792,1.411,1
24/2/2016,1.3766,1.3883,1
25/2/2016,1.3575,1.3951,1
26/2/2016,1.3547,1.3962,1
29/2/2016,1.3523,1.3854,1
1/3/2016,1.3407,1.3972,1
2/3/2016,1.3468,1.4001,1
3/3/2016,1.3407,1.4055,1
4/3/2016,1.3337,1.4147,1
7/3/2016,1.3301,1.4154,1
8/3/2016,1.3389,1.4219,1
9/3/2016,1.3236,1.4219,1
10/3/2016,1.3373,1.4207,1
11/3/2016,1.3215,1.43,1
14/3/2016,1.3293,1.4345,1
15/3/2016,1.3359,1.416,1
16/3/2016,1.3362,1.4097,1
17/3/2016,1.2984,1.4363,1
18/3/2016,1.2982,1.4468,1
21/3/2016,1.3069,1.4393,1
22/3/2016,1.3051,1.4293,1
23/3/2016,1.3203,1.4175,1
24/3/2016,1.3269,1.4122,1
25/3/2016,null,null,1
28/3/2016,1.3184,null,1
29/3/2016,1.3154,1.4263,1
30/3/2016,1.2962,1.4407,1
31/3/2016,1.2971,1.4403,1
1/4/2016,1.3047,1.4286,1
4/4/2016,1.3036,1.423,1
5/4/2016,1.317,1.4205,1
6/4/2016,1.3077,1.4071,1
7/4/2016,1.3163,1.4077,1
8/4/2016,1.2995,1.4069,1
11/4/2016,1.2913,1.4235,1
12/4/2016,1.2799,1.4317,1
13/4/2016,1.2792,1.4248,1
14/4/2016,1.2836,1.414,1
15/4/2016,1.2858,1.4188,1
18/4/2016,1.2815,1.4194,1
19/4/2016,1.2656,1.437,1
20/4/2016,1.2627,1.4376,1
21/4/2016,1.271,1.4376,1
22/4/2016,1.2674,1.4377,1
25/4/2016,1.268,1.4454,1
26/4/2016,1.2614,1.4565,1
27/4/2016,1.2635,1.4608,1
28/4/2016,1.2544,1.4552,1
29/4/2016,1.2549,1.4614,1
2/5/2016,1.2548,null,1
3/5/2016,1.2686,1.4672,1
4/5/2016,1.2884,1.448,1
5/5/2016,1.2853,1.4461,1
6/5/2016,1.2921,1.4505,1
9/5/2016,1.2994,1.4444,1
10/5/2016,1.2959,1.4423,1
11/5/2016,1.2836,1.4424,1
12/5/2016,1.2858,1.4444,1
13/5/2016,1.294,1.4412,1
16/5/2016,1.2887,1.4351,1
17/5/2016,1.2885,1.4475,1
18/5/2016,1.2928,1.4482,1
19/5/2016,1.3116,1.4636,1
20/5/2016,1.3136,1.4579,1
23/5/2016,null,1.4469,1
24/5/2016,1.3118,1.4602,1
25/5/2016,1.309,1.4662,1
26/5/2016,1.2981,1.4695,1
27/5/2016,1.3003,1.4654,1
31/5/2016,1.31,1.4618,1
1/6/2016,1.3091,1.4446,1
2/6/2016,1.308,1.4431,1
3/6/2016,1.2948,1.4408,1
6/6/2016,1.2856,1.4392,1
7/6/2016,1.2789,1.4588,1
8/6/2016,1.2695,1.4569,1
9/6/2016,1.2731,1.4466,1
10/6/2016,1.2736,1.442,1
13/6/2016,1.2792,1.4158,1
14/6/2016,1.2835,1.4164,1
15/6/2016,1.2914,1.4195,1
16/6/2016,1.3041,1.4129,1
17/6/2016,1.2878,1.4256,1
20/6/2016,1.2807,1.4623,1
21/6/2016,1.2818,1.4751,1
22/6/2016,1.282,1.4679,1
23/6/2016,1.2752,1.4892,1
24/6/2016,1.2952,1.3703,1
27/6/2016,1.3078,1.321,1
28/6/2016,null,1.334,1
29/6/2016,1.2991,1.3422,1
30/6/2016,1.3009,1.3488,1
1/7/2016,null,1.3288,1
5/7/2016,1.2949,1.316,1
6/7/2016,1.3005,1.2981,1
7/7/2016,1.2984,1.3031,1
8/7/2016,1.3073,1.2983,1
11/7/2016,1.3127,1.2981,1
12/7/2016,1.3016,1.3161,1
13/7/2016,1.2965,1.3297,1
14/7/2016,1.2915,1.322,1
15/7/2016,1.2975,1.3372,1
18/7/2016,1.2984,1.3233,1
19/7/2016,1.3029,1.3168,1
20/7/2016,1.304,1.317,1
21/7/2016,1.3057,1.3185,1
22/7/2016,1.3178,1.3107,1
25/7/2016,1.3225,1.3131,1
26/7/2016,1.3209,1.312,1
27/7/2016,1.322,1.3101,1
28/7/2016,1.317,1.3149,1
29/7/2016,1.3041,1.3177,1
1/8/2016,null,1.3181,1
2/8/2016,1.3089,1.3236,1
3/8/2016,1.308,1.3346,1
4/8/2016,1.3025,1.3285,1
5/8/2016,1.318,1.3159,1
8/8/2016,1.3164,1.3066,1
9/8/2016,1.3117,1.2984,1
10/8/2016,1.306,1.3068,1
11/8/2016,1.3007,1.298,1
12/8/2016,1.2945,1.2963,1
15/8/2016,1.2922,1.2919,1
16/8/2016,1.2862,1.298,1
17/8/2016,1.2885,1.3008,1
18/8/2016,1.2775,1.3154,1
19/8/2016,1.2878,1.312,1
22/8/2016,1.2942,1.3086,1
23/8/2016,1.2902,1.3181,1
24/8/2016,1.294,1.3242,1
25/8/2016,1.2937,1.3197,1
26/8/2016,1.2947,1.3201,1
29/8/2016,1.3019,1.3085,1
30/8/2016,1.3076,1.3084,1
31/8/2016,1.3124,1.3138,1
1/9/2016,1.3107,1.3246,1
2/9/2016,1.2999,1.3257,1
6/9/2016,1.2843,1.3331,1
7/9/2016,1.2895,1.3381,1
8/9/2016,1.2909,1.3372,1
9/9/2016,1.3033,1.3315,1
12/9/2016,1.3077,1.3265,1
13/9/2016,1.3167,1.327,1
14/9/2016,1.3189,1.3199,1
15/9/2016,1.3146,1.3224,1
16/9/2016,1.3213,1.3171,1
19/9/2016,1.3181,1.305,1
20/9/2016,1.3228,1.2969,1
21/9/2016,1.3186,1.2998,1
22/9/2016,1.3039,1.3053,1
23/9/2016,1.3165,1.2974,1
26/9/2016,1.3197,1.2926,1
27/9/2016,1.3248,1.2956,1
28/9/2016,1.3242,1.3018,1
29/9/2016,1.3101,1.3015,1
30/9/2016,1.3117,1.2961,1
3/10/2016,1.3137,1.2885,1
4/10/2016,1.317,1.2765,1
5/10/2016,1.3178,1.2725,1
6/10/2016,1.321,1.2706,1
7/10/2016,1.3304,1.2378,1
11/10/2016,1.3239,1.2257,1
12/10/2016,1.3277,1.2255,1
13/10/2016,1.3219,1.2205,1
14/10/2016,1.3168,1.2235,1
17/10/2016,1.3138,1.2162,1
18/10/2016,1.3104,1.2281,1
19/10/2016,1.3107,1.2302,1
20/10/2016,1.3198,1.226,1
21/10/2016,1.3324,1.2209,1
24/10/2016,1.3388,1.224,1
25/10/2016,1.3334,1.2233,1
26/10/2016,1.336,1.2214,1
27/10/2016,1.3386,1.226,1
28/10/2016,1.3385,1.2135,1
31/10/2016,1.3403,1.2171,1
1/11/2016,1.3379,1.2234,1
2/11/2016,1.339,1.23105,1
3/11/2016,1.3386,1.24615,1
4/11/2016,1.3412,1.24985,1
7/11/2016,1.3383,1.2417,1
8/11/2016,1.3337,1.2406,1
9/11/2016,1.3408,1.24405,1
10/11/2016,1.3475,1.241,1
11/11/2016,null,1.26205,1
14/11/2016,1.3582,1.253,1
15/11/2016,1.3468,1.2426,1
16/11/2016,1.3416,1.2427,1
17/11/2016,1.3429,1.24905,1
18/11/2016,1.3519,1.24165,1
21/11/2016,1.3437,1.23835,1
22/11/2016,1.3444,1.24515,1
23/11/2016,1.347,1.2397,1
28/11/2016,1.3401,1.2403,1
29/11/2016,1.3435,1.2475,1
30/11/2016,1.3426,1.2452,1
1/12/2016,1.3331,1.2621,1
2/12/2016,1.3298,1.262,1
5/12/2016,1.3272,1.2732,1
6/12/2016,1.3281,1.2754,1
7/12/2016,1.3252,1.25935,1
8/12/2016,1.3221,1.26795,1
9/12/2016,1.3164,1.25995,1
12/12/2016,1.314,1.2634,1
13/12/2016,1.312,1.27065,1
14/12/2016,1.3123,1.26495,1
15/12/2016,1.3397,1.2483,1
16/12/2016,1.3338,1.24295,1
19/12/2016,1.3397,1.2416,1
20/12/2016,1.3378,1.23445,1
21/12/2016,1.3401,1.2367,1
22/12/2016,1.3468,1.2337,1
23/12/2016,1.3535,1.2255,1
27/12/2016,null,null,1
28/12/2016,1.3556,1.2232,1
29/12/2016,1.3488,1.2255,1
30/12/2016,1.3427,1.2302,1
3/1/2017,1.3438,1.22895,1
4/1/2017,1.3293,1.22835,1
5/1/2017,1.3216,1.23055,1
6/1/2017,1.3216,1.2367,1
9/1/2017,1.3222,1.2166,1
10/1/2017,1.3208,1.2143,1
11/1/2017,1.3232,1.21255,1
12/1/2017,1.313,1.2285,1
13/1/2017,1.3135,1.2181,1
17/1/2017,1.306,1.2222,1
18/1/2017,1.3177,1.2284,1
19/1/2017,1.3329,1.2327,1
23/1/2017,1.3289,1.24335,1
24/1/2017,1.3152,1.2455,1
25/1/2017,1.3075,1.2579,1
26/1/2017,1.3104,1.2592,1
27/1/2017,1.3108,1.25335,1
30/1/2017,1.3093,1.2519,1
31/1/2017,1.303,1.24615,1
1/2/2017,1.3089,1.2649,1
2/2/2017,1.3019,1.2668,1
3/2/2017,1.3004,1.2486,1
6/2/2017,1.3117,1.24765,1
7/2/2017,1.3167,1.2378,1
8/2/2017,1.3157,1.249,1
9/2/2017,1.3141,1.2556,1
10/2/2017,1.3074,1.2451,1
13/2/2017,1.3071,1.2528,1
14/2/2017,1.3093,1.24635,1
15/2/2017,1.3084,1.2425,1
16/2/2017,null,1.2494,1
17/2/2017,1.3116,1.2416,1
21/2/2017,1.3149,1.24205,1
22/2/2017,1.3187,1.2434,1
23/2/2017,1.3109,1.2477,1
24/2/2017,1.3104,1.25515,1
27/2/2017,1.3101,1.2416,1
28/2/2017,1.3248,1.244,1
1/3/2017,1.3338,1.2315,1
2/3/2017,1.3387,1.2281,1
3/3/2017,1.3405,1.2225,1
6/3/2017,1.3404,1.2259,1
7/3/2017,1.3417,1.21875,1
8/3/2017,1.3475,1.2149,1
9/3/2017,1.3513,1.2152,1
10/3/2017,1.3464,1.2143,1
13/3/2017,1.3447,1.2225,1
14/3/2017,null,1.2128,1
15/3/2017,1.3428,1.21915,1
16/3/2017,1.3319,1.2295,1
17/3/2017,1.3337,1.23595,1
20/3/2017,1.3358,1.2384,1
21/3/2017,1.3317,1.2462,1
22/3/2017,1.336,1.2449,1
23/3/2017,1.3336,1.25,1
24/3/2017,1.3374,1.2497,1
27/3/2017,1.3373,1.25875,1
28/3/2017,1.3374,1.25555,1
29/3/2017,1.3364,1.24315,1
30/3/2017,1.3304,1.24545,1
31/3/2017,1.331,1.24525,1
3/4/2017,1.3384,1.2502,1
4/4/2017,1.3425,1.2448,1
5/4/2017,1.3409,1.24785,1
6/4/2017,1.3418,1.2456,1
7/4/2017,1.3395,1.24235,1
10/4/2017,1.3349,1.2406,1
11/4/2017,1.3332,1.2426,1
12/4/2017,1.33,1.2497,1
13/4/2017,1.3275,1.2541,1
14/4/2017,null,null,1
17/4/2017,1.3289,null,1
18/4/2017,1.3377,1.266,1
19/4/2017,1.346,1.28395,1
20/4/2017,1.3482,1.28015,1
21/4/2017,1.3506,1.2793,1
24/4/2017,1.3492,1.28185,1
25/4/2017,1.3592,1.2819,1
26/4/2017,1.3593,1.28225,1
27/4/2017,1.3624,1.29,1
28/4/2017,1.3662,1.29415,1
1/5/2017,null,null,1
2/5/2017,1.372,1.2924,1
3/5/2017,1.3714,1.2926,1
4/5/2017,null,1.2886,1
5/5/2017,1.3712,1.2935,1
8/5/2017,1.3705,1.296,1
9/5/2017,1.3728,1.29255,1
10/5/2017,1.3672,1.2947,1
11/5/2017,1.3707,1.28945,1
12/5/2017,1.3714,1.2855,1
15/5/2017,1.3641,1.2928,1
16/5/2017,1.3596,1.2892,1
17/5/2017,1.3614,1.2972,1
18/5/2017,1.3611,1.30345,1
19/5/2017,1.3544,1.3005,1
22/5/2017,null,1.2998,1
23/5/2017,1.349,1.2967,1
24/5/2017,1.346,1.2962,1
25/5/2017,1.3453,1.296,1
26/5/2017,1.3456,1.2854,1
30/5/2017,1.3469,1.28655,1
31/5/2017,1.35,1.28385,1
1/6/2017,1.35,1.28535,1
2/6/2017,1.3504,1.28535,1
5/6/2017,1.3483,1.29065,1
6/6/2017,1.3461,1.29065,1
7/6/2017,1.3492,1.29,1
8/6/2017,1.3503,1.29425,1
9/6/2017,1.3453,1.27535,1
12/6/2017,1.3415,1.26905,1
13/6/2017,1.3238,1.27315,1
14/6/2017,1.3209,1.27275,1
15/6/2017,1.3283,1.2777,1
16/6/2017,1.3232,1.2777,1
19/6/2017,1.322,1.2802,1
20/6/2017,1.3267,1.267,1
21/6/2017,1.331,1.26815,1
22/6/2017,1.3241,1.26705,1
23/6/2017,1.3268,1.2738,1
26/6/2017,1.3238,1.274,1
27/6/2017,1.3188,1.275,1
28/6/2017,1.306,1.28255,1
29/6/2017,1.3015,1.2966,1
30/6/2017,1.2977,1.29785,1
3/7/2017,null,1.2955,1
5/7/2017,1.2982,1.29085,1
6/7/2017,1.2946,1.2957,1
7/7/2017,1.2887,1.2893,1
10/7/2017,1.2888,1.2876,1
11/7/2017,1.292,1.2905,1
12/7/2017,1.2794,1.2859,1
13/7/2017,1.2743,1.29235,1
14/7/2017,1.2672,1.29695,1
17/7/2017,1.2669,1.3066,1
18/7/2017,1.2628,1.30245,1
19/7/2017,1.2595,1.3051,1
20/7/2017,1.2585,1.29405,1
21/7/2017,1.2549,1.3004,1
24/7/2017,1.2512,1.3033,1
25/7/2017,null,1.3032,1
26/7/2017,1.2505,1.3054,1
27/7/2017,1.252,1.31475,1
28/7/2017,1.2447,1.3086,1
31/7/2017,1.2485,1.3124,1
1/8/2017,1.2514,1.32125,1
2/8/2017,1.256,1.323,1
3/8/2017,1.2578,1.31875,1
4/8/2017,1.2638,1.3141,1
7/8/2017,null,1.30535,1
8/8/2017,1.2672,1.3033,1
9/8/2017,1.2705,1.30025,1
10/8/2017,1.2711,1.30015,1
11/8/2017,1.2685,1.2965,1
14/8/2017,1.2705,1.29685,1
15/8/2017,1.2755,1.2876,1
16/8/2017,1.2699,1.2871,1
17/8/2017,1.2647,1.2864,1
18/8/2017,1.2586,1.28915,1
21/8/2017,1.2575,1.28955,1
22/8/2017,1.2552,1.2821,1
23/8/2017,1.2564,1.2808,1
24/8/2017,1.2529,1.28215,1
25/8/2017,1.2492,1.28365,1
28/8/2017,1.2482,1.29,1
29/8/2017,1.2515,1.2949,1
30/8/2017,1.2605,1.2925,1
31/8/2017,1.2536,1.2876,1
1/9/2017,1.239,1.2933,1
5/9/2017,1.2371,1.296,1
6/9/2017,1.2264,1.3047,1
7/9/2017,1.2148,1.309,1
8/9/2017,1.2132,1.31945,1
11/9/2017,1.2128,1.3215,1
12/9/2017,1.2159,1.3277,1
13/9/2017,1.2187,1.32645,1
14/9/2017,1.2198,1.3243,1
15/9/2017,1.2182,1.35825,1
18/9/2017,1.2238,1.35435,1
19/9/2017,1.2277,1.34995,1
20/9/2017,1.2273,1.3533,1
21/9/2017,1.2339,1.348,1
22/9/2017,1.2317,1.3557,1
25/9/2017,1.2341,1.3479,1
26/9/2017,1.237,1.3432,1
27/9/2017,1.2412,1.3426,1
28/9/2017,null,1.342,1
29/9/2017,1.248,1.3384,1
2/10/2017,1.2505,1.33105,1
3/10/2017,1.25,1.3259,1
4/10/2017,1.2479,1.3282,1
5/10/2017,1.2548,1.3182,1
6/10/2017,null,1.3064,1
10/10/2017,1.2501,1.3189,1
11/10/2017,1.2498,1.3195,1
12/10/2017,1.2472,1.3167,1
13/10/2017,1.2487,1.329,1
16/10/2017,1.2529,1.33015,1
17/10/2017,1.2548,1.3204,1
18/10/2017,1.2486,1.31795,1
19/10/2017,1.2478,1.3167,1
20/10/2017,1.2601,1.3178,1
23/10/2017,1.2644,1.3173,1
24/10/2017,1.2666,1.3179,1
25/10/2017,1.2771,1.3244,1
26/10/2017,1.2831,1.3219,1
27/10/2017,null,1.31025,1
30/10/2017,1.2837,1.319,1
31/10/2017,1.2893,1.3219,1
1/11/2017,1.2885,1.3297,1
2/11/2017,1.2822,1.3137,1
3/11/2017,1.2764,1.30915,1
6/11/2017,1.2746,1.3112,1
7/11/2017,1.2785,1.31335,1
8/11/2017,1.2729,1.3118,1
9/11/2017,1.2692,1.3121,1
10/11/2017,1.2683,1.316,1
13/11/2017,null,1.3092,1
14/11/2017,1.2733,1.3111,1
15/11/2017,1.2773,1.3169,1
16/11/2017,1.2745,1.319,1
17/11/2017,1.2783,1.3198,1
20/11/2017,1.2793,1.3245,1
21/11/2017,1.2778,1.32315,1
22/11/2017,1.2729,1.32495,1
27/11/2017,1.2735,1.33495,1
28/11/2017,1.2807,1.3297,1
29/11/2017,1.2853,1.34035,1
30/11/2017,1.2888,1.34445,1
1/12/2017,1.2729,1.35025,1
4/12/2017,1.2695,1.3505,1
5/12/2017,1.268,1.3412,1
6/12/2017,1.2757,1.33625,1
7/12/2017,1.2843,1.3331,1
8/12/2017,1.286,1.3455,1
11/12/2017,1.2854,1.3374,1
12/12/2017,1.2871,1.3349,1
13/12/2017,1.2852,1.3353,1
14/12/2017,1.2805,1.34345,1
15/12/2017,1.2834,1.3395,1
18/12/2017,1.2865,1.33665,1
19/12/2017,1.2886,1.3374,1
20/12/2017,1.2842,1.3393,1
21/12/2017,1.2734,1.33665,1
22/12/2017,null,1.33855,1
26/12/2017,null,1.3368,1
27/12/2017,1.2641,1.3414,1
28/12/2017,1.2588,1.3434,1
29/12/2017,null,1.35115,1
,,,
,,,
,,,
,,,
,,,
,,,
,,,
,,,
,,,
,,,
,,,
,,,
,,,
,,,
,,,
,,,
,,,
,,,
,,,
,,,
,,,
,,,
,,,
,,,
,,,
,,,
,,,
,,,
,,,
,,,
,,,
,,,
,,,
,,,
,,,
,,,
,,,
,,,
,,,
,,,
,,,
,,,
,,,
,,,
,,,
,,,
,,,
,,,
,,,
,,,
,,,
,,,
,,,
,,,
,,,
,,,
,,,
,,,
,,,
,,,
,,,
,,,
,,,
,,,
,,,
,,,
,,,
,,,
,,,
,,,
,,,
,,,
,,,
,,,
,,,
,,,
,,,
,,,
,,,
,,,
,,,
,,,
,,,
,,,
,,,