sample #,acidity,citric acid,sugar,chlorides,density,pH level,sulphates,alcohol
1,8.9,0.34,1.4,0.05,0.99554,3.12,0.48,9.1
2,7.9,0.21,2.1,0.08,0.9962,3.25,0.51,9.9
3,10.2,0.4,2.5,0.068,0.99754,3.38,0.86,10.5
4,8.3,0.25,2.2,0.118,0.99616,3.15,0.53,9.8
5,7.2,0.46,2.1,0.074,0.99534,3.4,0.85,11
6,12.9,0.49,5.8,0.066,1.0014,3.2,0.66,12
7,7.4,0.29,2.6,0.087,0.99645,3.39,0.68,11
8,6.7,0.28,2.4,0.012,0.99064,3.26,0.39,11.7
9,7.2,0,2,0.166,0.99608,3.39,0.52,10
10,10.4,0.63,2.8,0.084,0.9998,3.26,0.74,11.2
11,8.4,0.09,2.2,0.084,0.9964,3.15,0.66,9.8
12,7.8,0.29,1.6,0.114,0.9974,3.26,1.56,9.1
13,8.4,0.11,1.9,0.09,0.9965,3.19,0.82,9.6
14,8.9,0.39,1.6,0.074,0.99698,3.12,0.59,9.5
15,8,0.33,2.7,0.088,0.9972,3.31,0.58,10.7
16,7.5,0.36,6.1,0.071,0.9978,3.35,0.8,10.5
17,9.6,0.36,2.8,0.116,0.99722,3.18,0.68,10.9
18,7.2,0.05,2.3,0.081,0.99564,3.38,0.6,10.3
19,8.6,0.4,2.6,0.083,0.99782,3.3,0.48,9.4
20,10.9,0.52,1.8,0.132,0.99734,3.28,0.77,11.5
21,7.8,0,1.9,0.072,0.9962,3.31,0.63,11
22,6.9,0.01,1.9,0.08,0.99683,3.4,0.73,9.7
23,8.2,0.29,1.6,0.081,0.99603,3.25,0.54,10.3
24,6.4,0.21,1.8,0.081,0.99689,3.59,0.66,9.8
25,7.3,0.32,2.1,0.07,0.99418,3.34,0.82,12.9
26,7.1,0.3,2.2,0.053,0.9965,2.94,1.62,9.5
27,10.1,0.54,2.3,0.065,0.99531,3.17,0.53,12.5
28,6.8,0.09,3.9,0.068,0.99524,3.41,0.52,11.1
29,7.2,0.13,2,0.076,0.99546,3.29,0.54,10.1
30,10.1,0.5,2.4,0.104,0.99643,3.22,0.65,11.6
31,7.5,0.04,1.5,0.076,0.99508,3.26,0.53,9.6
32,7.6,0.4,2.7,0.082,0.99538,3.44,0.54,12.2
33,7,0.13,1.6,0.077,0.99629,3.34,0.59,9.2
34,8,0.23,2.2,0.094,0.9962,3.21,0.49,10.2
35,7.9,0.42,1.6,0.057,0.994,3.29,0.69,11.2
36,6.4,0.08,2.1,0.045,0.9949,3.49,0.49,11.4
37,7.4,0.12,1.9,0.165,0.99702,3.26,0.86,9.2
38,7.3,0.01,1.8,0.093,0.99514,3.35,0.58,11
39,10,0.2,11,0.071,1.0015,3.16,0.69,9.2
40,8.2,0.09,2.3,0.065,0.99685,3.32,0.55,9
41,7,0.04,2,0.087,0.99565,3.35,0.6,9.4
42,6.1,0.08,1.8,0.071,0.99336,3.38,0.54,11
43,7.4,0,1.8,0.075,0.9978,3.51,0.56,9.4
44,7.3,0.39,1.2,0.059,0.99331,3.29,0.52,11.5
45,8.4,0.12,1.8,0.072,0.99504,3.38,0.89,11.8
46,7.2,0.06,2.7,0.077,0.99746,3.51,0.54,9.5
47,10,0.44,2.9,0.065,0.99674,3.33,0.62,12.2
48,6.2,0.09,1.7,0.053,0.99402,3.54,0.6,11.3
49,7.7,0.49,1.8,0.115,0.9968,3.21,0.71,9.3
50,8.7,0.31,3,0.086,1.0002,3.48,0.74,11.6
51,6.4,0.4,2.4,0.071,0.9963,3.56,0.73,10.6
52,11.5,0.51,2.2,0.079,0.9982,3.03,0.93,9.8
53,8.8,0.35,1.7,0.055,0.99394,3.14,0.59,11.3
54,10.3,0.42,2.8,0.09,0.999,3.28,0.7,9.5
55,8.6,0.36,1.9,0.064,0.99604,3.47,0.87,11
56,8.3,0.28,1.9,0.077,0.9978,3.39,0.61,10
57,7.7,0.21,1.5,0.069,0.99458,3.16,0.54,9.8
58,5.4,0,1.2,0.041,0.99258,4.01,0.59,12.5
59,7.5,0.02,2.6,0.077,0.99557,3.36,0.62,10.8
60,7.5,0.08,2.6,0.089,0.99592,3.3,0.59,10.4
61,7.6,0.21,2.2,0.071,0.9964,3.28,0.55,9.7
62,9,0.49,2.6,0.084,0.9987,3.35,0.57,9.7
63,5.2,0,1.8,0.05,0.9916,3.68,0.79,14
64,8.7,0.3,2.8,0.066,0.9964,3.33,0.67,11.2
65,6.4,0,2.3,0.166,0.99551,3.56,0.51,10.8
66,6.1,0.25,2.3,0.071,0.99633,3.42,0.97,10.6
67,8.2,0.09,2,0.067,0.99418,3.28,0.57,11.8
68,7.4,0.47,2,0.086,0.997,3.36,0.57,9.1
69,9.8,0.34,2.3,0.094,0.99864,3.24,0.6,9.7
70,11.2,0.55,2.3,0.084,1,3.17,0.71,9.5
71,6.6,0.09,2.2,0.063,0.99444,3.42,0.69,11.3
72,8.2,0.49,2.6,0.084,0.9988,3.34,0.75,8.7
73,7.3,0.05,3.6,0.107,0.9972,3.4,0.63,10.1
74,8,0.56,2,0.118,0.9968,3.24,0.66,9.4
75,6.9,0.11,2.4,0.043,0.99354,3.3,0.65,11.4
76,10.1,0.44,2.3,0.08,0.9988,3.32,0.67,9.7
77,9.4,0.59,2.8,0.079,0.9976,3.12,0.54,12
78,9.2,0.18,1.6,0.078,0.99576,3.15,0.49,9.9
79,7.4,0.48,2,0.082,0.9972,3.34,0.55,9.2
80,7.2,0.24,2,0.071,0.99576,3.44,0.58,10.1
81,11.8,0.52,1.8,0.071,0.9968,3.2,0.72,10.2
82,9.1,0.24,2.1,0.078,0.999,3.41,0.87,10.3
83,5.6,0,2.2,0.087,0.99378,3.71,0.63,12.8
84,11.8,0.55,2.1,0.071,0.9986,3.11,0.62,10.8
85,6.9,0.25,2.4,0.098,0.9964,3.41,0.6,10.1
86,7.8,0.08,2.4,0.092,0.9974,3.24,0.71,9.8
87,11.5,0.59,2.6,0.087,0.9988,3.18,0.65,11
88,6.3,0,1.4,0.055,0.9922,3.45,0.48,12.3
89,7.4,0.1,2.4,0.08,0.99736,3.58,0.69,10.8
90,7,0.13,2.2,0.075,0.9959,3.36,0.59,9.7
91,7.1,0,2.35,0.071,0.99632,3.29,0.45,9.4
92,6.2,0,2.1,0.06,0.99664,3.59,0.61,10
93,7.9,0.68,8.3,0.05,0.99316,3.01,0.51,12.3
94,8,0.23,3.2,0.073,0.99675,3.26,0.57,9.3
95,7.8,0,2,0.082,0.9964,3.38,0.59,9.8
96,9.5,0.27,2.3,0.082,0.99782,3.27,0.55,9.4
97,9.9,0.41,2.3,0.083,0.9982,3.21,0.5,9.5
98,8.3,0.39,2.4,0.078,0.99444,3.31,0.77,12.5
99,10.2,0.42,2,0.071,0.99566,3.14,0.79,11.1
100,6.8,0.06,6,0.06,0.9962,3.41,0.59,10.8
101,7.1,0,2.3,0.087,0.99783,3.45,0.53,9.5
102,7.9,0.21,1.6,0.106,0.9966,3.17,0.91,9.5
103,11.9,0.5,2.6,0.082,1.0006,3.12,0.78,10.7
104,6.8,0.31,8.8,0.084,0.99824,3.38,0.64,10.1
105,8,0.45,2.1,0.216,0.99358,3.15,0.81,12.5
106,10.8,0.43,2.1,0.171,0.9982,3.17,0.76,10.8
107,9.5,0.52,2,0.088,0.99613,3.29,0.58,11.1
108,7.6,0.31,1.7,0.079,0.99716,3.46,0.62,9.5
109,7,0.3,4.5,0.068,0.99914,3.3,1.17,10.2
110,6.2,0.14,1.9,0.056,0.99396,3.48,0.57,11.5
111,6.5,0.14,2.4,0.114,0.99732,3.66,0.65,9.8
112,7.7,0.1,2.6,0.084,0.9976,3.39,0.49,9.7
113,8.4,0.1,1.7,0.075,0.99581,3.09,0.43,9.7
114,8,0.35,2.8,0.086,0.997,3.31,0.62,10.8
115,7.6,0.02,2.5,0.071,0.99538,3.51,0.71,11.7
116,8.2,0.34,5.1,0.062,0.9974,3.22,0.94,10.9
117,7.1,0.28,2,0.082,0.99694,3.45,0.48,9.4
118,7.9,0.33,2,0.084,0.9968,3.2,0.55,9.5
119,10.5,0.47,2.1,0.066,0.9978,3.15,0.9,11
120,6.5,0,2.3,0.166,0.99551,3.56,0.51,10.8
121,8.1,0.55,1.8,0.117,0.9968,3.17,0.62,9.4
122,7.3,0.02,2.2,0.072,0.99566,3.32,0.68,11.1
123,7.2,0,1.9,0.097,0.99675,3.37,0.58,9.2
124,10.9,0.52,1.8,0.132,0.99734,3.28,0.77,11.5
125,7,0.21,2.4,0.086,0.99556,3.4,0.53,10.1
126,12.8,0.74,2.6,0.095,0.9994,3.2,0.77,10.8
127,7.5,0.48,2.6,0.073,0.9972,3.32,0.7,9.6
128,7.3,0.3,1.7,0.08,0.9969,3.41,0.65,9.5
129,5.1,0,1.8,0.044,0.99157,3.68,0.73,13.6
130,7.1,0.01,2.3,0.08,0.9955,3.42,0.58,10.7
131,7.9,0.06,1.6,0.069,0.9964,3.3,0.46,9.4
132,7.1,0.01,2.3,0.079,0.99514,3.4,0.61,10.9
133,13.8,0.67,3,0.093,0.9986,3.02,0.93,12
134,7,0.21,2.3,0.086,0.99558,3.4,0.54,10.1
135,8.3,0.42,2,0.08,0.9974,3.21,0.8,9.4
136,5.2,0,1.8,0.05,0.9916,3.68,0.79,14
137,7.2,0.32,1.8,0.065,0.99714,3.46,0.78,9.9
138,15.6,0.49,4.2,0.095,1.00315,2.92,0.74,11.1
139,10.4,0.73,6.55,0.074,0.999,3.17,0.85,12
140,7.1,0.2,1.9,0.077,0.9956,3.37,0.64,10.4
141,8.3,0.2,1.5,0.08,0.9972,3.16,1.12,9.1
142,6.2,0.24,2.2,0.095,0.9946,3.57,0.57,11.7
143,6.5,0.06,2,0.063,0.99489,3.38,0.83,10.3
144,6.6,0.2,7.8,0.073,0.9977,3.29,0.54,9.2
145,6.8,0.25,2,0.076,0.9953,3.34,0.6,10.4
146,8.8,0.41,3.3,0.092,0.9982,3.31,0.53,10.5
147,10.6,0.48,2.7,0.065,0.9972,3.21,0.87,11.3
148,9.7,0.17,2.9,0.087,1.0004,3.14,0.61,9.4
149,7.7,0.37,1.8,0.046,0.9971,3.41,0.71,12.1
150,7.5,0.1,3.1,0.086,0.9958,3.54,0.6,11.2
151,12.3,0.49,3.1,0.079,0.9993,3.2,0.8,10.2
152,7.2,0.27,2.6,0.084,0.9964,3.39,0.71,11
153,7.7,0.1,1.8,0.102,0.99565,3.08,0.49,9.8
154,7.9,0.23,1.7,0.077,0.99625,3.29,0.65,9.3
155,10.9,0.49,4.6,0.118,1.0002,3.07,0.56,11.7
156,9.2,0.34,1.6,0.062,0.99667,3.2,0.67,10.5
157,8.7,0.31,2.5,0.126,0.99746,3.1,0.74,9.6
158,7.2,0,2.2,0.068,0.9956,3.42,0.72,11.1
159,6.2,0.22,1.8,0.078,0.99633,3.52,0.6,9.5
160,10.5,0.42,1.8,0.077,0.9976,3.21,1.05,10.8
161,7,0.07,2.5,0.091,0.99572,3.38,0.6,11.3
162,11.6,0.54,1.5,0.095,0.99735,3.02,0.76,9.9
163,7.5,0.24,2,0.078,0.9983,3.45,0.78,9.5
164,5.4,0.09,1.7,0.089,0.99402,3.67,0.56,11.6
165,8.6,0.47,2.4,0.074,0.9979,3.08,0.46,9.5
166,11.1,0.47,2.65,0.085,0.99736,3.24,0.77,12.1
167,8,0.39,2.6,0.082,0.9985,3.43,0.62,10.7
168,7.8,0.48,1.7,0.1,0.9961,3.19,0.62,9.5
169,6.3,0.13,2.3,0.076,0.99574,3.42,0.75,11
170,9.9,0.5,13.8,0.205,1.00242,3.16,0.75,8.8
171,5.4,0.08,1.2,0.046,0.9924,3.57,0.85,13
172,6.3,0.13,2.3,0.076,0.99574,3.42,0.75,11
173,7.2,0.03,1.8,0.078,0.99587,3.34,0.39,9.5
174,8.7,0.46,1.4,0.059,0.9966,3.36,0.76,10.1
175,7.5,0,1.9,0.084,0.99672,3.34,0.49,9.7
176,10.5,0.47,2.2,0.074,0.99638,3.23,0.76,12
177,11.6,0.53,3.3,0.105,1.001,3.2,0.95,9.2
178,6.7,0.24,1.7,0.077,0.9948,3.39,0.6,10.6
179,10.7,0.39,2.2,0.106,0.9986,2.89,0.5,9.6
180,9.1,0.32,2.1,0.064,0.99576,3.3,0.8,11.2
181,6.8,0.09,1.8,0.074,0.99534,3.38,0.45,9.6
182,6.9,0,2.5,0.105,0.9966,3.46,0.57,10.6
183,9.3,0.48,3.8,0.132,0.99577,3.23,0.57,13.2
184,8.6,0.17,2.9,0.099,0.998,3.09,0.52,9.3
185,8.8,0.43,1.4,0.076,0.99551,3.21,0.75,10.2
186,6.8,0.18,1.9,0.079,0.9968,3.59,0.57,9.3
187,6.8,0.22,1.8,0.074,0.99438,3.4,0.82,11.2
188,7.4,0.19,5.2,0.094,0.99713,3.16,0.52,9.5
189,6.8,0.03,2.3,0.075,0.99545,3.36,0.58,10.4
190,7.5,0.42,2.3,0.087,0.9972,3.58,0.61,10.5
191,9.4,0.48,4.6,0.072,0.9973,3.34,0.79,12.2
192,8.1,0,3.3,0.096,1.00025,3.6,0.72,9.8
193,9.7,0.47,1.6,0.062,0.9983,3.27,0.66,10
194,7.4,0,4.25,0.097,0.9966,3.63,0.54,10.7
195,7.7,0.12,1.7,0.097,0.99596,3.16,0.49,9.4
196,8.3,0.13,2.9,0.096,0.9984,3.17,0.62,9.1
197,6.6,0.09,5.5,0.117,0.99655,3.35,0.49,10.8
198,9.1,0.15,3.2,0.097,0.99976,3.28,0.54,9.6
199,7.6,0.29,1.9,0.078,0.9971,3.45,0.59,9.5
200,7.1,0.14,1.6,0.078,0.99592,3.27,0.62,9.3
201,10.5,0.66,2.95,0.116,0.997,3.24,0.75,11.7
202,7.2,0.33,1.7,0.061,0.996,3.23,1.1,10
203,10.4,0.54,2.7,0.105,0.9988,3.25,0.63,9.5
204,8.4,0.19,2.2,0.093,0.99736,3.2,0.59,9.2
205,7.1,0.14,2.8,0.076,0.99624,3.36,0.49,10.7
206,7.2,0.13,2,0.076,0.99546,3.29,0.54,10.1
207,8.2,0.43,2.5,0.076,0.99672,3.53,0.81,10.4
208,6.6,0.49,1.7,0.07,0.9922,3.12,0.5,11.5
209,6.2,0.43,2,0.071,0.99428,3.45,0.87,11.2
210,7.6,0.1,1.5,0.066,0.99655,3.39,0.51,9.3
211,8.5,0.32,1.8,0.066,0.99456,3.38,0.72,11.8
212,6.6,0.01,1.9,0.08,0.99746,3.69,0.73,10.5
213,9.4,0.37,2.2,0.075,0.998,3.22,0.62,9.2
214,6.8,0.15,1.8,0.118,0.9954,3.42,0.67,11.3
215,8.9,0.53,4,0.101,0.99586,3.21,0.59,12.1
216,7.5,0.32,2.7,0.103,0.99938,3.45,0.62,9.5
217,7.7,0.04,1.6,0.039,0.9962,3.4,0.47,9.4
218,8.6,0.27,2.3,0.055,0.99516,3.18,0.8,11.2
219,7.5,0.12,3,0.092,0.9967,3.37,0.7,10.3
220,9,0.49,2.6,0.084,0.9987,3.35,0.57,9.7
221,6.7,0.02,2.2,0.08,0.99524,3.1,0.53,9.7
222,11.6,0.58,2.8,0.096,1.00024,3.13,0.53,10
223,10.4,0.42,1.5,0.145,0.99832,3.38,0.86,9.9
224,7.4,0.1,2.4,0.08,0.99736,3.58,0.69,10.8
225,7.3,0.31,2.4,0.074,0.9962,3.41,0.54,9.4
226,7.6,0.26,1.6,0.236,0.9968,3.11,0.8,9.3
227,11.3,0.45,2,0.082,0.9988,2.94,0.66,9.2
228,8.1,0,1.8,0.082,0.9964,3.54,0.48,10.9
229,11.5,0.52,3,0.08,1.0001,3.26,0.88,11
230,7.2,0.05,2.3,0.081,0.99564,3.38,0.6,10.3
231,7,0.05,2,0.081,0.9966,3.39,0.57,9.8
232,6.5,0.33,1.8,0.059,0.99531,3.36,0.64,10.1
233,11.3,0.66,2.4,0.123,0.99642,3.2,0.53,11.9
234,6.8,0.31,8.8,0.084,0.99824,3.38,0.64,10.1
235,10.6,0.68,4.1,0.114,0.997,3.06,0.66,13.4
236,7.9,0.68,8.3,0.05,0.99316,3.01,0.51,12.3
237,7.7,0.01,2.1,0.064,0.99371,3.41,0.57,11.8
238,13.7,0.68,2.9,0.085,1.0014,3.06,0.8,10
239,5.3,0.11,2.2,0.048,0.99182,3.54,0.88,13.56666667
240,9.2,1,3.4,0.61,0.9996,2.74,2,9.4
241,7.1,0,2.4,0.052,0.99318,3.35,0.66,12.7
242,8.9,0.24,2.85,0.094,0.9982,3.1,0.53,9.2
243,7.5,0.32,2.7,0.067,0.99628,3.24,0.44,10.4
244,8,0.3,2,0.06,0.9958,3.26,0.56,10.2
245,7.7,0.15,2.1,0.102,0.99604,3.23,0.48,10
246,6.8,0,1.2,0.267,0.99471,3.32,0.51,9.8
247,10.9,0.47,1.8,0.118,0.9982,3.3,0.75,9.8
248,8.9,0.13,3.45,0.088,0.9994,3.44,0.52,11.5
249,9.8,0.39,3.2,0.083,0.9989,3.37,0.71,11.5
250,10.8,0.33,2.5,0.099,0.99818,3.24,0.71,10.8
251,11.1,0.53,2.2,0.06,0.99572,3.02,0.83,10.9
252,8.8,0.18,2.9,0.089,0.99738,3.14,0.54,9.4
253,6.6,0.04,2.1,0.068,0.9955,3.39,0.64,9.4
254,11.9,0.51,2,0.121,0.9996,3.24,0.76,10.4
255,7.6,0.08,2.7,0.084,0.9968,3.21,0.59,10
256,6.5,0.1,2,0.076,0.99554,3.36,0.48,9.4
257,10.8,0.44,1.6,0.063,0.9985,3.22,0.78,10
258,8.6,0.39,1.8,0.068,0.99516,3.35,0.69,11.7
259,7.1,0.17,1.8,0.082,0.99634,3.49,0.64,10.4
260,7.8,0.31,1.8,0.069,0.99625,3.29,0.53,9.3
261,7.5,0.57,2.3,0.106,0.99605,3.36,0.55,11.4
262,9.1,0.37,1.6,0.067,0.99552,3.23,0.58,11.1
263,7.4,0.3,1.8,0.074,0.99419,3.24,0.7,11.4
264,8.9,0.32,5.6,0.087,0.9991,3.38,0.77,10.5
265,6.9,0.03,1.5,0.086,0.99522,3.53,0.57,10.6
266,6,0.2,2.4,0.075,0.99467,3.58,0.67,12.5
267,9.3,0.36,1.8,0.084,0.99704,3.27,0.77,10.8
268,6.7,0.21,1.9,0.079,0.997,3.52,0.58,9.3
269,7.1,0,2.1,0.091,0.99488,3.42,0.55,11.5
270,8.6,0.65,6.4,0.08,0.99817,3.27,0.58,11
271,8.3,0.1,2.6,0.081,0.9983,3.48,0.53,10
272,7.1,0.42,5.5,0.071,0.9973,3.42,0.71,10.5
273,12.8,0.63,2.4,0.088,0.9997,3.1,0.6,10.4
274,8.8,0.04,2.2,0.119,0.9962,3.21,0.6,10.9
275,9,0.14,2.6,0.089,0.9984,3.39,0.63,9.8
276,9.4,0.47,2.5,0.087,0.99772,3.15,0.5,10.5
277,7.3,0.49,2.5,0.088,0.9966,3.36,0.78,11
278,11.1,0.48,1.5,0.068,0.9973,3.22,0.64,10.1
279,6.9,0,2.8,0.081,0.99518,3.41,0.52,10.8
280,9.8,0.43,1.65,0.068,0.99478,3.19,0.46,11.4
281,8.5,0.11,2.3,0.084,0.9968,3.17,0.53,9.4
282,8.8,0.29,2.2,0.098,0.9988,3.36,0.49,9.1
283,7.4,0.26,7.3,0.07,0.9982,3.37,0.49,9.4
284,6.4,0.09,2.3,0.054,0.99724,3.41,0.68,10.4
285,7.6,0.33,1.9,0.074,0.99706,3.41,0.58,9
286,11.6,0.66,2.2,0.074,1.0008,3.25,0.57,9
287,6.2,0.2,1.6,0.069,0.9958,3.41,0.56,9.2
288,8.7,0.16,2,0.101,0.9962,3.14,0.57,11
289,12.1,0.52,2,0.092,1,3.03,0.66,10.2
290,8.3,0.36,1.8,0.222,0.998,3.18,0.6,9.5
291,9.3,0.36,1.7,0.081,0.99702,3.27,0.78,10.9
292,6.2,0.31,1.7,0.088,0.9969,3.46,0.79,9.3
293,10.6,0.49,2.2,0.063,0.9976,3.14,0.51,9.8
294,7.9,0.05,2.2,0.084,0.9959,3.22,0.55,9.9
295,10.4,0.49,1.8,0.075,0.9977,3.18,1.06,11
296,6.7,0.07,2.4,0.089,0.9958,3.35,0.54,10.1
297,8.1,0.7,2.2,0.098,0.9972,3.08,0.53,9
298,7.9,0.01,1.9,0.076,0.99668,3.39,0.54,9.6
299,10.5,0.46,2.2,0.075,0.99598,3.06,0.84,11.4
300,9.9,0.56,2,0.073,0.99534,3.15,0.73,11.4
301,8.9,0.45,1.9,0.052,0.9948,3.35,0.7,12.5
302,6.9,0.12,10.7,0.073,0.9993,3.45,0.52,9.4
303,8.5,0.59,1.4,0.414,0.99702,3.03,1.34,9.2
304,14,0.63,3.8,0.089,1.0014,3.01,0.81,10.8
305,9.9,0.24,2.4,0.077,0.9974,3.09,0.57,9.4
306,6.7,0.44,2.4,0.061,0.99484,3.29,0.8,11.6
307,9.1,0.24,2.1,0.078,0.999,3.41,0.87,10.3
308,7.5,0.02,1.7,0.084,0.99538,3.36,0.54,10.5
309,8.4,0.39,2,0.041,0.99386,3.27,0.71,12.5
310,8.8,0.48,2.1,0.097,0.9975,3.04,1.03,9.3
311,8.8,0.21,2.5,0.092,0.99823,3.19,0.52,9.2
312,6.7,0.24,1.7,0.077,0.9948,3.39,0.6,10.6
313,8.9,0.53,4,0.101,0.99586,3.21,0.59,12.1
314,7.8,0.17,1.6,0.082,0.996,3.39,0.48,9.5
315,7.1,0.08,2.1,0.063,0.99608,3.42,0.6,10.2
316,7.5,0.18,1.6,0.079,0.9965,3.34,0.58,9.4
317,8.4,0.29,2.6,0.109,0.99801,3.15,0.5,9.1
318,9.9,0.5,13.8,0.205,1.00242,3.16,0.75,8.8
319,9.2,0.2,3,0.081,0.998,3.23,0.59,9.5
320,7,0.3,4.5,0.068,0.99914,3.3,1.17,10.2
321,8.2,0.37,1.9,0.057,0.99408,3.23,0.81,12
322,7.1,0.01,2.2,0.059,0.99242,3.39,0.4,12.8
323,7.3,0.26,2,0.08,0.99584,3.28,0.52,9.9
324,7.8,0.44,2.7,0.104,0.99732,3.33,0.78,11
325,8.8,0.38,2.3,0.06,0.99543,3.39,0.72,11.8
326,6.9,0.04,3,0.077,0.9987,3.69,0.91,9.4
327,7,0.14,1.8,0.078,0.99636,3.53,0.61,10.4
328,6.1,0.25,1.8,0.084,0.99464,3.36,0.44,10.1
329,8.4,0.61,2,0.112,0.997,3.16,0.54,9.1
330,6.2,0.15,5.1,0.076,0.99622,3.54,0.6,11.9
331,6.1,0,2.2,0.079,0.9948,3.59,0.54,11.5
332,11.9,0.65,2.15,0.068,0.9988,3.06,0.68,11.3
333,6.9,0.04,1.5,0.085,0.9958,3.35,0.78,9.5
334,8.3,0.22,2.4,0.082,0.9983,3.37,0.62,9.5
335,8.8,0.14,2.4,0.067,0.9969,3.19,0.59,9.5
336,8.6,0.28,1.9,0.11,0.9972,2.93,1.95,9.9
337,8.8,0.04,2.2,0.119,0.9962,3.21,0.6,10.9
338,7.7,0.25,2.6,0.073,0.99615,3.37,0.58,10.5
339,7.2,0,1.9,0.097,0.99675,3.37,0.58,9
340,6.6,0,4.3,0.093,0.99558,3.2,0.45,9.5
341,8.2,0.2,1.4,0.086,0.9946,3.11,0.46,10
342,10.4,0.24,2.8,0.105,0.9998,3.24,0.67,9.9
343,6.5,0,2.2,0.095,0.99541,3.61,0.7,11.5
344,8,0.32,2.1,0.079,0.99656,3.27,0.5,9.8
345,8.2,0.38,1.5,0.058,0.9962,3.26,0.74,9.8
346,8.4,0.11,1.9,0.09,0.9965,3.19,0.82,9.6
347,11.8,0.49,3.4,0.093,1.0002,3.3,0.76,10.7
348,8.2,0.49,2.3,0.099,0.9979,3.38,0.99,9.8
349,9.5,0.66,2.3,0.387,0.9982,3.17,0.67,9.6
350,9.5,0.27,2.3,0.084,0.9978,3.24,0.53,9.4
351,12.8,0.66,5.8,0.083,1.0022,3.07,0.73,10
352,10.8,0.45,3.3,0.06,0.9972,3.13,0.54,9.6
353,12.7,0.65,2.3,0.063,0.9997,3.03,0.57,9.9
354,7.2,0.32,2,0.062,0.9947,3.23,0.73,11.3
355,9.2,0.52,2.3,0.083,0.9976,3.35,0.61,11.3
356,11.2,0.24,2.5,0.085,0.9993,3.06,0.72,11
357,6.9,0.2,1.75,0.058,0.99322,3.38,0.49,11.7
358,6.7,0.07,2,0.1,0.99598,3.6,0.74,11.7
359,7,0.4,1.6,0.063,0.9952,3.5,0.63,11.1
360,8.7,0.26,2.5,0.097,0.9976,3.27,0.6,9.3
361,9.7,0.4,1.5,0.073,0.99556,3.14,0.51,10.9
362,7.2,0.46,2.1,0.074,0.99534,3.4,0.85,11
363,10.7,0.48,2.1,0.125,0.998,3.03,0.81,9.7
364,9.6,0.42,2.4,0.081,0.997,3.2,0.71,11.4
365,7.2,0.13,2,0.058,0.99573,3.21,0.68,9.9
366,6.1,0.25,2.3,0.071,0.99633,3.42,0.97,10.6
367,6.4,0.04,2.2,0.061,0.99588,3.53,0.65,10.4
368,7.6,0.29,2.1,0.075,0.99718,3.4,0.64,9.5
369,6.6,0.08,2.4,0.07,0.99358,3.4,0.72,12.5
370,12.6,0.72,2.2,0.072,0.9987,2.88,0.82,9.8
371,10.9,0.47,1.8,0.118,0.9982,3.3,0.75,9.8
372,6.5,0.06,2,0.063,0.99489,3.38,0.83,10.3
373,6.2,0.08,2,0.09,0.9949,3.45,0.58,10.5
374,8.7,0,3.2,0.084,0.9992,3.36,0.45,9.4
375,7.7,0,2.6,0.081,0.9975,3.3,0.52,9.3
376,9.1,0,1.9,0.058,0.9977,3.18,0.63,10.4
377,9.3,0.4,2.6,0.073,0.9984,3.34,0.75,10.2
378,8.8,0.45,2.6,0.065,0.9947,3.32,0.79,14
379,6.8,0.07,1.6,0.07,0.99572,3.29,0.6,9.3
380,6.5,0,4.3,0.057,0.99488,3.45,0.56,11.8
381,8.2,0.35,2.9,0.077,0.9976,3.23,0.62,9.4
382,8.9,0.19,3.9,0.17,0.9986,3.17,0.93,9.2
383,12.5,0.49,4.5,0.07,0.9981,3.05,0.57,9.6
384,10,0.24,2.2,0.079,0.9991,3.18,0.56,10.1
385,9.9,0.45,2.3,0.071,0.9991,3.39,0.62,9.4
386,9.9,0.25,2,0.104,0.9963,3.04,0.9,10.1
387,10.4,0.58,3.7,0.174,0.997,3.19,0.7,11.3
388,8.7,0.52,1.6,0.113,0.9969,3.25,0.58,9.5
389,8.8,0.26,1.7,0.074,0.9971,3.15,0.74,9.2
390,9.2,0.24,2.6,0.087,0.9998,3.48,0.54,9.8
391,7.2,0.06,1.6,0.076,0.9972,3.36,0.7,9.6
392,8.4,0.15,6,0.073,0.999,3.37,0.49,9.9
393,6.8,0.08,1.8,0.074,0.99529,3.12,0.49,9.6
394,7.4,0.07,1.8,0.1,0.9961,3.3,0.58,9.6
395,11,0.68,2.55,0.085,0.997,3.18,0.61,11.8
396,7.3,0,1.2,0.065,0.9946,3.39,0.47,10
397,6.5,0.11,1.8,0.073,0.9955,3.34,0.52,9.3
398,10.2,0.36,1.8,0.053,0.9982,3.17,0.42,10
399,7,0.36,1.6,0.089,0.99615,3.34,0.56,9.2
400,6.7,0.02,1.9,0.061,0.99489,3.39,0.82,10.9
401,7.9,0.36,1.9,0.065,0.99419,3.27,0.54,11.2
402,12,0.5,1.4,0.071,0.99791,3.07,0.6,10.4
403,8.4,0.36,2,0.089,0.99745,3.31,0.57,10.4
404,10.2,0.64,2.9,0.122,0.998,3.23,0.66,12.5
405,7.2,0.46,2.1,0.074,0.99534,3.4,0.85,11
406,7.8,0.26,3.8,0.107,0.99668,3.26,0.46,9.2
407,8.2,0.31,1.9,0.082,0.996,3.24,0.69,10.6
408,10.5,0.47,2.1,0.066,0.9978,3.15,0.9,11
409,8.6,0.3,3,0.076,0.9976,3.3,0.53,9.4
410,8.6,0.65,6.4,0.08,0.99817,3.27,0.58,11
411,8.7,0.41,6.2,0.078,0.9953,3.24,0.77,12.6
412,8.1,0.48,1.8,0.157,0.9976,3.3,1.05,9.4
413,6.3,0,2.9,0.072,0.99379,3.51,0.6,11.5
414,7.6,0.13,2.5,0.097,0.99785,3.39,0.61,9.4
415,7.8,0.13,2.1,0.102,0.9944,3.24,0.53,11.2
416,7.1,0.35,2,0.088,0.9963,3.28,0.62,9.4
417,6.6,0.03,2.3,0.059,0.9952,3.52,0.56,12.3
418,10.8,0.41,2.2,0.084,0.9984,3.08,0.67,9.3
419,7.3,0,2,0.084,0.9983,3.61,0.96,9.9
420,8.3,0.14,2.5,0.093,0.99724,3.36,0.54,10.1
421,8.7,0,1.4,0.065,0.9954,3.27,0.55,9.7
422,6.3,0.16,1.4,0.08,0.9955,3.34,0.56,9.3
423,13.2,0.52,2.2,0.071,1.0006,3.1,0.56,9
424,9.1,0.49,2.6,0.094,0.9982,3.08,0.59,9.1
425,9.3,0.39,2.2,0.064,0.9984,3.26,0.65,10.2
426,6.9,0.06,2.1,0.061,0.9948,3.51,0.43,11.4
427,11.5,0.51,4,0.104,0.9996,3.28,0.97,10.1
428,5.7,0,1.4,0.063,0.99191,3.45,0.56,12.2
429,7.2,0.15,2,0.078,0.99609,3.29,0.51,9.9
430,7.2,0,3,0.102,0.99586,3.43,0.46,10
431,10,0.47,2.6,0.085,0.99965,3.36,0.8,10.5
432,9,0.49,1.9,0.171,0.9975,3.27,0.61,9.4
433,5.2,0.25,1.8,0.103,0.9957,3.38,0.55,9.2
434,7,0,1.9,0.099,0.99606,3.34,0.6,9.7
435,7.2,0.03,2.3,0.078,0.99743,3.53,0.57,9.7
436,7.6,0.31,2.3,0.082,0.9982,3.52,0.65,9.7
437,8.8,0,1.7,0.069,0.99701,3.31,0.53,10
438,11.6,0.54,1.5,0.095,0.99735,3.02,0.76,9.9
439,7.9,0.41,1.5,0.056,0.99396,3.29,0.71,11
440,7.8,0.28,2.7,0.1,0.9966,3.22,0.67,9.4
441,7.7,0.3,1.7,0.059,0.9949,3.29,0.47,10.8
442,8.9,0.57,2,0.111,0.9971,3.26,0.53,9.7
443,7.1,0.01,2.2,0.059,0.99242,3.39,0.4,12.8
444,7.4,0.29,2.2,0.054,0.99666,3.4,0.76,10.9
445,9,0.31,2.8,0.093,0.99815,3.32,0.63,9.5
446,6.2,0.24,2.2,0.095,0.9946,3.57,0.57,11.7
447,9.9,0.58,3.5,0.094,1.0004,3.29,0.58,9
448,8.4,0.04,2,0.082,0.9976,3.22,0.44,9.6
449,6.9,0.33,6.7,0.235,0.99787,3.22,0.56,9.5
450,5.3,0.01,1.7,0.054,0.9934,3.57,0.84,12.5
451,7.8,0,5.5,0.086,0.9986,3.4,0.55,9.6
452,10,0.31,2.2,0.09,0.9994,3.18,0.63,10.2
453,8,0.17,2,0.073,0.9972,3.29,0.61,9.2
454,11.5,0.51,4,0.104,0.9996,3.28,0.97,10.1
455,7.2,0.32,2.5,0.09,0.9966,3.32,0.79,11.1
456,7.6,0.12,3,0.067,0.9971,3.36,0.57,9.1
457,9.3,0.26,2,0.096,0.99738,3.25,0.42,9.6
458,7.2,0.03,2.3,0.077,0.99568,3.35,0.52,10
459,10.1,0.46,1.8,0.05,0.9974,3.04,0.79,10.2
460,10.1,0.34,2.4,0.085,0.99683,3.17,0.65,10.6
461,9.9,0.46,2.2,0.091,0.99638,3.18,0.69,11.9
462,10.5,0.49,2.1,0.07,0.9991,3.3,0.56,9.6
463,7.4,0.33,2.4,0.068,0.9947,3.36,0.6,11.9
464,11.9,0.49,2.7,0.098,1.0004,3.16,0.61,10.3
465,7.9,0.4,2.2,0.049,0.996,3.33,0.93,11.3
466,5.6,0.05,1.4,0.045,0.9924,3.56,0.82,12.9
467,13,0.49,4.3,0.085,1.0021,3.3,0.68,12.7
468,8.8,0.38,2.3,0.06,0.99543,3.39,0.72,11.8
469,8,0.22,2.4,0.094,0.99612,3.37,0.58,11
470,9.9,0.38,1.5,0.058,0.99676,3.26,0.82,10.6
471,12,0.76,4.2,0.066,1.0004,3.22,0.6,13
472,7.8,0.33,2,0.074,0.9968,3.25,0.54,9.4
473,9.4,0.28,3.2,0.087,1.0001,3.31,0.53,9.7
474,11.1,0.73,3.2,0.066,0.9986,3.17,0.66,11.2
475,9.4,0.34,3.6,0.082,0.9987,3.29,0.52,10.7
476,8.3,0.24,3.4,0.076,0.9976,3.27,0.61,9.4
477,13,0.65,2.6,0.093,0.9996,3.05,0.61,10.6
478,9.6,0.31,2.5,0.096,0.9982,3.19,0.7,10
479,7.4,0.22,2.2,0.106,0.9959,3.05,0.63,9.2
480,7.7,0,2.6,0.055,0.99639,3.38,0.56,10.8
481,8.4,0.2,2.4,0.076,0.99735,3.31,0.64,9.4
482,13.2,0.52,2.2,0.071,1.0006,3.1,0.56,9
483,9.6,0.12,2.9,0.082,0.99865,3.3,0.64,10.4
484,8.1,0.18,1.9,0.08,0.9972,3.3,0.59,9
485,12.4,0.58,3,0.103,1.0008,3.16,1,11.5
486,7.9,0.06,4,0.087,0.9965,3.36,0.67,10.7
487,7.9,0.35,1.7,0.054,0.99458,3.32,0.8,11.9
488,9.5,0.33,2.4,0.089,0.9972,3.28,0.73,11.8
489,7,0.19,2.3,0.071,0.99476,3.39,0.56,10.9
490,6.7,0.24,1.7,0.077,0.9948,3.39,0.6,10.6
491,8.5,0.5,1.9,0.369,0.99634,3.01,1.1,9.4
492,9.9,0.49,5,0.082,0.99484,3.19,0.52,12.5
493,12,0.56,2.1,0.093,0.99925,3.14,0.71,10.9
494,12.4,0.49,2.6,0.079,0.9994,3.12,0.75,10.4
495,7.8,0.09,2.2,0.115,0.9971,3.18,0.62,9.5
496,6.9,0.31,2,0.079,0.99668,3.47,0.55,9.5
497,7.1,0.14,2.8,0.076,0.99624,3.36,0.49,10.7
498,8.8,0.54,2.5,0.083,0.9983,3.39,0.54,9.2
499,5.3,0.19,1.5,0.161,0.99395,3.62,0.61,11
500,8.1,0.22,2.2,0.072,0.9967,3.36,0.55,9.1
501,7.6,0.31,2.1,0.069,0.9958,3.26,0.54,9.9
502,10.4,0.73,6.55,0.074,0.999,3.17,0.85,12
503,9,0.43,2.4,0.068,0.9943,3.2,0.6,12.2
504,7.2,0.02,2.5,0.076,0.9972,3.44,0.52,9.3
505,6.8,0,5.6,0.124,0.9997,3.46,0.72,10.2
506,7,0,2,0.19,0.99676,3.31,0.6,9.4
507,6.2,0,1.6,0.065,0.9966,3.56,0.84,9.4
508,7.6,0.33,1.9,0.074,0.99706,3.41,0.58,9
509,6.6,0.02,2.4,0.069,0.99387,3.38,0.66,12.6
510,8,0.36,2.3,0.075,0.9976,3.34,0.46,9.4
511,7.1,0.44,2.5,0.068,0.99328,3.35,0.54,12.4
512,7.1,0.3,1.6,0.08,0.99693,3.44,0.5,9.4
513,7.9,0.31,2,0.079,0.99677,3.29,0.69,9.5
514,12.7,0.49,2.8,0.075,0.9994,3.14,0.57,11.4
515,11.3,0.66,2.4,0.123,0.99642,3.2,0.53,11.9
516,8.9,0.4,3.6,0.11,0.99549,3.23,0.7,12
517,6.9,0.02,2.3,0.063,0.9975,3.57,0.78,9.9
518,10.4,0.45,2,0.08,0.99774,3.22,0.76,11.4
519,7.4,0,1.9,0.076,0.9978,3.51,0.56,9.4
520,7.6,0.03,1.9,0.086,0.9969,3.37,0.46,10.3
521,7.6,0,1.7,0.076,0.99612,3.31,0.62,10.7
522,7.4,0.26,2,0.101,0.9957,3.15,0.57,9.4
523,8.2,0.34,5.1,0.062,0.9974,3.22,0.94,10.9
524,6.8,0.04,1.5,0.057,0.99525,3.42,0.6,9.5
525,10.8,0.42,1.6,0.084,0.99545,3.28,0.73,11.9
526,6.8,0.32,1.8,0.067,0.9928,3.36,0.55,12.8
527,9.9,0.07,3.4,0.102,1.00015,3.31,0.71,9.8
528,6.5,0,1.9,0.065,0.9972,3.46,0.65,9.2
529,10.6,0.43,2.8,0.08,0.9985,3.06,0.57,10.1
530,13.7,0.68,2.9,0.085,1.0014,3.06,0.8,10
531,7.1,0,1.8,0.123,0.99627,3.45,0.58,9.8
532,8,0.16,2,0.12,0.99454,3.22,0.58,11.2
533,7.5,0.19,1.9,0.076,0.9957,3.39,0.54,9.7
534,4.6,0.15,2.1,0.054,0.9934,3.9,0.56,13.1
535,9.3,0.29,2.1,0.127,0.9968,3.22,0.72,11.2
536,7.8,0.12,2.5,0.068,0.996,3.34,0.61,11.6
537,12.5,0.55,2.6,0.083,0.9995,3.15,0.82,10.4
538,8.8,0.34,2.7,0.087,0.9982,3.26,0.61,9.5
539,8.2,0.4,2.4,0.052,0.99356,3.33,0.7,12.8
540,7.1,0,3.9,0.086,0.9976,3.46,0.54,9.5
541,6.4,0.23,1.6,0.066,0.9958,3.34,0.56,9.2
542,6.1,0.09,1.7,0.078,0.99402,3.45,0.54,11.2
543,7.9,0.25,2.9,0.077,0.9974,3.49,0.96,12.1
544,7.3,0.32,2.1,0.062,0.99728,3.3,0.65,10
545,6,0,2.1,0.064,0.995,3.54,0.93,10.7
546,7.8,0.05,2.3,0.079,0.99735,3.29,0.63,9.3
547,9,0.41,2.4,0.103,0.99604,3.13,0.58,11.9
548,5.2,0.04,1.6,0.054,0.9927,3.54,0.62,12.2
549,8.9,0.48,1.8,0.077,0.9968,3.39,0.53,9.4
550,5.9,0.21,1.7,0.045,0.99341,3.32,0.44,9.5
551,8,0.05,2,0.089,0.99735,3.36,0.61,10
552,7.5,0.27,2,0.083,0.99616,3.26,0.58,9.8
553,8.3,0.15,1.9,0.079,0.9972,3.31,0.54,9.6
554,5.6,0,1.6,0.089,0.9943,3.58,0.52,9.9
555,11.2,0.74,5.15,0.1,0.9996,3.22,0.62,11.2
556,7.1,0.18,1.8,0.07,0.997,3.44,0.6,9.1
557,7.4,0.12,1.6,0.186,0.996,3.39,0.54,9.5
558,8.9,0.41,7.9,0.086,0.9998,3.27,0.57,9.3
559,11.3,0.41,2.3,0.088,0.9988,3.09,0.8,9.3
560,10.7,0.34,6.6,0.112,1.00289,3.22,0.68,9.3
561,8.3,0.42,2,0.08,0.9974,3.21,0.8,9.4
562,7.9,0.01,2.5,0.078,0.9963,3.34,0.74,11.7
563,6,0,2.3,0.068,0.99292,3.58,0.59,12.5
564,6.8,0,5.6,0.124,0.9997,3.46,0.72,10.2
565,6,0.47,3.6,0.067,0.99549,3.39,0.66,11
566,7.1,0.07,1.9,0.075,0.99685,3.38,0.52,9.5
567,9.2,0.49,2.4,0.086,0.9976,3.23,0.64,9.5
568,10.4,0.63,2.8,0.084,0.9998,3.26,0.74,11.2
569,7.1,0.2,1.9,0.077,0.9956,3.37,0.64,10.4
570,6.4,0.09,1.4,0.066,0.99459,3.42,0.7,10
571,8.6,0.31,2.6,0.086,0.9982,3.37,0.91,9.9
572,7.5,0.34,2.3,0.05,0.9951,3.4,0.64,11
573,7.7,0.27,3.8,0.11,0.99664,3.24,0.45,9.3
574,7,0,1.9,0.114,0.99636,3.35,0.6,9.7
575,8.2,0.24,2.3,0.063,0.99613,3.25,0.53,10.2
576,6.4,0.21,1.8,0.081,0.99689,3.59,0.66,9.8
577,7.2,0.08,4,0.082,0.99641,3.25,0.51,9.4
578,7.3,0,2.2,0.08,0.99765,3.41,0.6,9.4
579,6.1,0.15,1.8,0.072,0.9955,3.42,0.57,9.4
580,8.8,0.4,2.2,0.079,0.998,3.44,0.64,9.2
581,7,0.17,1.7,0.065,0.99514,3.44,0.68,10.55
582,7.7,0.21,2.2,0.077,0.9956,3.27,0.45,9.9
583,8,0.34,2.2,0.073,0.9936,3.28,0.66,12.4
584,8.2,0.32,2.8,0.067,0.99473,3.3,0.76,12.8
585,9,0.29,2,0.069,0.99654,3.34,0.57,10
586,7,0.07,2.5,0.091,0.99572,3.38,0.6,11.3
587,7.2,0.38,2.8,0.068,0.99356,3.34,0.72,12.9
588,7.3,0.24,1.9,0.108,0.9967,3.26,0.59,9.3
589,5.2,0.26,2.3,0.09,0.9953,3.71,0.62,12.2
590,7.2,0.44,2.6,0.066,0.99494,3.3,0.84,11.5
591,9.4,0.34,3.6,0.082,0.9987,3.29,0.52,10.7
592,6.1,0.08,1.9,0.077,0.99528,3.6,0.68,10.3
593,7.5,0.57,2.3,0.106,0.99605,3.36,0.55,11.4
594,6.3,0.08,1.7,0.066,0.9954,3.34,0.58,9.4
595,6.8,0,2.5,0.072,0.99491,3.43,0.56,11.2
596,8.3,0.37,1.4,0.076,0.9974,3.26,0.7,9.6
597,8.3,0,1.4,0.07,0.99593,3.25,0.64,10
598,15.5,0.49,4.2,0.095,1.00315,2.92,0.74,11.1
599,7.7,0.26,1.9,0.089,0.99636,3.26,0.59,9.7
600,10,0.33,2.7,0.095,0.9984,3.22,0.68,10
601,8.2,0.17,2.3,0.072,0.9963,3.2,0.45,9.3
602,7.7,0.2,2,0.075,0.9987,3.48,0.62,9.3
603,6.3,0.01,2,0.057,0.99488,3.6,0.46,11.2
604,10.7,0.53,2.6,0.07,0.9972,3.15,0.65,11
605,7,0.12,1.9,0.091,0.9956,3.44,0.48,10.5
606,8.8,0.26,1.6,0.088,0.99694,3.32,0.47,9.4
607,5,0,1.2,0.041,0.99258,4.01,0.59,12.5
608,7.5,0.06,2.6,0.086,0.9965,3.38,0.59,10.7
609,8,0.03,1.7,0.07,0.99575,3.34,0.57,10
610,8,0.05,1.9,0.074,0.9962,3.34,0.95,10.5
611,6.1,0.16,1.8,0.069,0.9955,3.42,0.74,10.1
612,5.4,0.08,1.9,0.059,0.99484,3.5,0.64,10.2
613,6.4,0.33,3.3,0.046,0.99294,3.36,0.62,12.2
614,5.4,0.27,2,0.092,0.99471,3.78,0.64,12.3
615,13.2,0.55,2.7,0.081,1.0006,2.98,0.54,9.4
616,12,0.59,1.4,0.073,0.998,2.92,0.68,10.5
617,6.8,0.01,2.1,0.074,0.9958,3.33,0.56,9.5
618,10.4,0.5,2.3,0.068,0.996,3.1,0.87,11.4
619,9.9,0.57,2.4,0.093,0.9971,3.19,0.76,11.6
620,7.6,0.21,2.2,0.071,0.9964,3.28,0.55,9.7
621,7.3,0.03,2.1,0.092,0.9966,3.39,0.47,9.6
622,10.2,0.37,15.4,0.214,1.00369,3.18,0.77,9
623,6.8,0.32,1.8,0.067,0.9928,3.36,0.55,12.8
624,10.2,0.37,2.2,0.057,0.99614,3.23,0.49,9.3
625,10.2,0.46,1.9,0.081,0.99628,3.1,0.48,10.4
626,8,0.16,1.8,0.065,0.9962,3.42,0.92,10.5
627,10,0.31,2.2,0.09,0.9994,3.18,0.63,10.2
628,10.9,0.58,4,0.071,0.99935,3.22,0.78,10.1
629,8.2,0.23,2,0.099,0.9973,3.19,0.7,9.4
630,7.1,0,2.2,0.073,0.9969,3.48,0.5,9.3
631,9.7,0.54,2.5,0.094,0.9984,3.28,0.82,9.6
632,11.5,0.5,3,0.078,1.0003,3.26,1.11,11
633,9.8,0.39,3.2,0.083,0.9989,3.37,0.71,11.5
634,6.7,0.08,2.3,0.067,0.99648,3.52,0.57,11
635,7.5,0.15,3.7,0.104,0.99786,3.14,0.58,9.1
636,7.5,0.22,1.8,0.082,0.99499,3.1,0.42,9.2
637,8.4,0.32,2.2,0.081,0.9964,3.3,0.72,11
638,7.7,0.08,1.9,0.076,0.9967,3.32,0.54,9.5
639,7.2,0.02,2.3,0.094,0.9993,3.67,0.8,9.7
640,6.6,0.02,7.9,0.122,0.9994,3.47,0.53,9.9
641,8.9,0.51,2.6,0.052,0.995,3.32,0.9,13.4
642,7.7,0.26,1.9,0.062,0.9966,3.39,0.64,9.6
643,7,0.08,1.8,0.097,0.9959,3.34,0.54,9.2
644,8.1,0.22,2.1,0.077,0.9967,3.29,0.51,9.2
645,9.8,0.39,1.4,0.066,0.9947,3.19,0.55,11.4
646,9.2,0.23,2.6,0.091,0.99922,3.15,0.51,9.4
647,9.3,0.41,2,0.091,0.998,3.28,0.7,9.7
648,5.9,0.13,2.4,0.056,0.99362,3.62,0.67,12.4
649,10.4,0.61,2.6,0.076,1,3.16,0.69,9
650,6.4,0.09,3.9,0.123,0.9968,3.5,0.67,11
651,6.3,0.01,3.7,0.103,0.99586,3.51,0.66,11.3
652,6.7,0.23,2.1,0.08,0.99538,3.36,0.7,10.9
653,6,0.06,1.8,0.05,0.99236,3.3,0.5,10.55
654,7.6,0.03,2,0.09,0.9959,3.2,0.56,9.6
655,8.5,0.4,6.3,0.05,0.99566,3.28,0.56,12
656,9,0.52,2.1,0.111,0.99568,3.31,0.62,11.3
657,8.1,0,4.1,0.095,0.99854,3.36,0.53,9.6
658,8.3,0.38,2.5,0.094,0.9979,3.31,0.7,10.8
659,8.5,0.56,1.8,0.092,0.9969,3.3,0.75,10.5
660,10.4,0.55,3.2,0.076,0.9996,3.15,0.89,9.9
661,9.6,0.35,2.1,0.083,0.99622,3.23,0.66,11.1
662,8.3,0.25,2.2,0.118,0.99616,3.15,0.53,9.8
663,7.8,0.12,1.8,0.178,0.996,3.28,0.87,9.8
664,7.1,0.07,1.7,0.071,0.9951,3.29,0.66,10.8
665,10.5,0.47,1.9,0.078,0.9976,3.18,1.04,10.9
666,7,0.3,2,0.085,0.99346,3.33,0.46,11.9
667,6.4,0.53,2.2,0.23,0.9934,3.37,0.93,12.4
668,10.5,0.64,2.4,0.107,0.9973,3.09,0.66,11.8
669,7.1,0.02,2.5,0.081,0.99745,3.48,0.6,9.7
670,7.2,0.03,2.2,0.08,0.99745,3.53,0.58,9.8
671,7.5,0.03,1.8,0.095,0.995,3.35,0.54,10.1
672,7.1,0,2.3,0.083,0.99768,3.44,0.54,9.4
673,7.1,0.06,1.3,0.07,0.9942,3.17,0.48,9.8
674,7.4,0.07,1.8,0.1,0.9961,3.3,0.58,9.6
675,8.7,0.09,2.5,0.091,0.9976,3.34,0.86,10.6
676,6.6,0.04,2.2,0.069,0.9956,3.4,0.63,9.4
677,8.7,0.09,2.5,0.091,0.9976,3.34,0.86,10.6
678,7.8,0.26,2,0.08,0.99622,3.21,0.52,9.9
679,7.8,0.26,2,0.08,0.99622,3.21,0.52,9.9
680,7.8,0.68,1.7,0.467,0.9973,3.08,1.31,9.3
681,7,0.3,2,0.085,0.99346,3.33,0.46,11.9
682,11.9,0.66,3.1,0.109,1,3.15,0.85,10.4
683,13.3,0.75,2.8,0.084,0.9986,3.04,0.68,11.4
684,7.7,0.22,1.9,0.084,0.9961,3.31,0.48,9.5
685,9.9,0.53,6.7,0.097,0.9986,3.27,0.82,11.7
686,7.7,0.26,2,0.052,0.9951,3.15,0.79,10.9
687,7.4,0.07,1.7,0.086,0.99502,3.12,0.48,10
688,7.9,0.03,1.8,0.058,0.9972,3.36,0.33,9.1
689,6.9,0.21,4.1,0.074,0.99842,3.53,0.72,9.25
690,10.3,0.52,2.8,0.159,0.9998,3.18,0.64,9.4
691,8.9,0.21,2.2,0.088,0.99692,3.33,0.83,11.1
692,5.8,0.11,1.8,0.066,0.99483,3.55,0.66,10.9
693,12,0.55,2,0.073,0.9997,3.1,0.76,10.3
694,6.9,0.21,4.1,0.074,0.99842,3.53,0.72,9.233333333
695,5.6,0.78,13.9,0.074,0.99677,3.39,0.48,10.5
696,8.5,0.2,2.1,0.097,0.99733,3.13,0.48,9.2
697,8.6,0,2.8,0.095,0.99822,3.33,0.6,10.4
698,6.7,0.23,2.1,0.08,0.99538,3.36,0.7,10.9
699,7.2,0.3,2.1,0.083,0.997,3.44,0.52,9.4
700,7.1,0.06,2,0.083,0.99855,3.67,0.73,9.6
701,8.5,0.49,6.1,0.122,1.001,3.31,1.14,9.3
702,6.9,0.24,2.1,0.102,0.99462,3.44,0.58,11.4
703,5,0.04,1.4,0.045,0.9938,3.75,0.48,10.5
704,9.5,0.49,6.3,0.064,0.9988,3.21,0.73,11
705,8.1,0.24,2.1,0.084,0.9972,3.37,0.77,10.7
706,9.1,0.34,2,0.064,0.99516,3.26,0.84,11.7
707,10.6,0.64,2.2,0.111,0.997,3.26,0.66,11.7
708,7.9,0.17,2.6,0.096,0.9978,3.4,0.53,9.5
709,7.4,0.01,2,0.074,0.99748,3.48,0.65,9.8
710,10.3,0.48,2.5,0.063,0.9998,3.12,0.59,9.3
711,7.4,0.07,2.4,0.09,0.9979,3.43,0.76,9.7
712,11.6,0.44,1.6,0.147,0.99836,3.38,0.86,9.9
713,7.7,0,2.4,0.09,0.9974,3.27,0.73,9.3
714,5.9,0.1,2.2,0.062,0.99512,3.52,0.76,11.2
715,7.3,0.26,7.2,0.07,0.9981,3.37,0.49,9.4
716,7.7,0.1,2.1,0.112,0.9963,3.26,0.5,9.5
717,6.7,0.27,8.6,0.068,0.9948,3.16,0.57,11.3
718,7.7,0.34,2.7,0.066,0.9947,3.37,0.78,11.8
719,6.8,0,2.4,0.104,0.9966,3.52,0.55,10.7
720,7.2,0.04,2.5,0.076,0.99745,3.53,0.55,9.5
721,7.6,0.03,1.9,0.086,0.9969,3.37,0.46,10.3
722,10.6,0.43,2.9,0.076,0.9984,3.08,0.57,10.1
723,10.6,0.49,3.2,0.078,0.9992,3.19,0.7,10
724,7.7,0.26,1.9,0.089,0.99636,3.26,0.59,9.7
725,10.1,0.35,1.6,0.075,0.99672,3.24,0.83,11.2
726,7.9,0.4,1.6,0.056,0.9967,3.32,0.87,8.7
727,7,0.09,2,0.081,0.99479,3.43,0.59,11.5
728,6.5,0.15,3,0.064,0.9929,3.33,0.59,12.8
729,7.3,0.03,1.6,0.072,0.9956,3.37,0.48,9
730,7.9,0.26,1.9,0.079,0.9964,3.23,0.54,9.5
731,11.4,0.5,2.7,0.122,1.0006,3.13,0.7,10.2
732,9.6,0.52,2.2,0.074,0.99509,3.36,0.76,12.4
733,6.9,0.03,2.3,0.054,0.99508,3.45,0.63,11.5
734,8.9,0.32,5.6,0.087,0.9991,3.38,0.77,10.5
735,7.3,0.26,1.8,0.401,0.9969,3.16,1.14,9.4
736,8.7,0.31,3,0.086,1.0002,3.48,0.74,11.6
737,7.7,0.06,1.7,0.074,0.99615,3.35,0.48,9.8
738,10.4,0.48,1.9,0.066,0.99724,3.33,0.87,10.9
739,5.3,0.11,2.2,0.048,0.99182,3.54,0.88,13.6
740,7.5,0,1.6,0.092,0.99635,3.38,0.58,10
741,9.1,0.5,1.8,0.071,0.99462,3.21,0.69,12.5
742,6.9,0.25,2.6,0.081,0.99685,3.46,0.5,11
743,11.7,0.49,2.2,0.083,1,3.19,0.43,9.2
744,7.1,0.01,2.3,0.08,0.9955,3.42,0.58,10.7
745,9.9,0.55,2.1,0.062,0.9971,3.26,0.79,10.6
746,9.5,0.41,8.9,0.069,0.99859,3.29,0.81,10.9
747,9.1,0.04,1.6,0.078,0.998,3.29,0.54,9.7
748,10.3,0.45,6.4,0.073,0.9976,3.23,0.82,12.6
749,10,0.24,2.2,0.079,0.9991,3.18,0.56,10.1
750,6.9,0.06,2.1,0.08,0.99845,3.68,0.71,9.6
751,8.6,0.22,2,0.1,0.9967,3.2,0.56,10.2
752,5.8,0.26,1.7,0.063,0.9915,3.39,0.54,13.5
753,8.3,0.48,2.1,0.093,0.99408,3.26,0.62,12.4
754,7.1,0.29,2.5,0.096,0.9962,3.42,0.65,11
755,9.1,0.35,2.4,0.08,0.9987,3.38,0.62,9.5
756,6.9,0.2,1.9,0.082,0.99585,3.39,0.43,9.05
757,7.4,0.27,2.1,0.071,0.99388,3.35,0.63,12
758,8.3,0.26,2.1,0.084,0.9976,3.31,0.53,9.2
759,10.5,0.64,2.4,0.107,0.9973,3.09,0.66,11.8
760,7.1,0.6,2.1,0.074,0.99814,3.38,0.72,10.6
761,7.2,0.05,4.65,0.086,0.9962,3.41,0.39,10.9
762,6.1,0.25,1.8,0.086,0.99464,3.36,0.44,10.1
763,7.6,0.42,2,0.052,0.9963,3.44,0.82,11.9
764,11.1,0.54,2.7,0.095,1.0001,3.13,0.51,9.5
765,6.6,0,3,0.115,0.99629,3.45,0.63,10.3
766,5.9,0.08,2.1,0.071,0.99376,3.56,0.77,11.1
767,9,0,2.4,0.088,0.999,3.35,0.6,9.3
768,10.4,0.46,2.1,0.104,0.99664,3.12,0.65,11.8
769,9.3,0.26,3.4,0.09,0.99975,3.24,0.62,9.7
770,6.6,0.07,1.6,0.076,0.9962,3.44,0.58,10.7
771,7.7,0.12,1.7,0.097,0.99596,3.16,0.49,9.4
772,11.1,0.42,2.2,0.064,0.99758,3.25,0.57,10.4
773,7.8,0.25,1.9,0.081,0.9984,3.43,0.65,9
774,7.3,0.02,2.2,0.072,0.99566,3.32,0.68,11.06666667
775,8.2,0.42,2.3,0.098,0.99506,3.27,0.55,12.3
776,10.6,0.59,2.2,0.152,0.9986,3.04,1.05,9.4
777,7.8,0.3,1.9,0.075,0.9959,3.31,0.56,10.4
778,11.9,0.69,2.8,0.095,0.9994,3.1,0.61,10.8
779,7.6,0.34,2.5,0.082,0.99356,3.22,0.59,12.5
780,8.1,0.28,2.1,0.066,0.9968,3.23,0.73,9.7
781,10.1,0.22,3.4,0.105,1.001,3.43,0.64,11.3
782,10.4,0.23,2.7,0.091,0.9994,3.22,0.64,10.3
783,7.3,0.24,2.5,0.078,0.99648,3.6,0.59,11.1
784,8,0.37,0.9,0.049,0.99007,2.89,0.44,12.7
785,11.4,0.49,2.7,0.085,0.9994,3.15,0.63,10.5
786,7.4,0.01,2,0.074,0.99748,3.48,0.65,9.8
787,8.5,0.52,1.9,0.09,0.99648,3.36,0.67,10.4
788,6.8,0.02,2.1,0.078,0.99498,3.35,0.62,10.4
789,5.1,0.18,2.1,0.042,0.9924,3.46,0.87,12.9
790,10,0.49,2.7,0.077,0.9963,3.23,0.63,11.6
791,8.2,0.24,2,0.079,0.99764,3.34,0.64,9.5
792,6.7,0.02,1.8,0.078,0.996,3.55,0.63,9.95
793,8.6,0.29,2,0.11,0.9972,2.93,1.98,9.8
794,6.4,0.21,1.6,0.08,0.99689,3.58,0.66,9.8
795,6.7,0.28,2.4,0.012,0.99064,3.26,0.39,11.7
796,6.8,0.11,1.5,0.075,0.99545,3.36,0.79,9.5
797,11.9,0.69,2.3,0.078,0.9958,3,0.65,12.8
798,7.9,0.21,1.9,0.073,0.9964,3.27,0.58,9.5
799,7.1,0.05,5.7,0.082,0.99808,3.4,0.52,10.2
800,7.2,0,1.9,0.097,0.99675,3.37,0.58,9
801,10.3,0.56,1.4,0.047,0.99471,3.16,0.51,11.8
802,7.9,0.06,4,0.087,0.9965,3.36,0.67,10.7
803,9.1,0.39,1.8,0.06,0.99495,3.18,0.82,11
804,7.1,0.42,5.5,0.071,0.9973,3.42,0.71,10.5
805,7,0.02,1.9,0.08,0.99492,3.35,0.81,10.6
806,7.1,0.17,1.8,0.082,0.99634,3.49,0.64,10.4
807,10,0.45,2.5,0.092,0.99918,3.15,0.43,9.4
808,11.5,0.54,2.1,0.084,0.9987,2.98,0.7,9.2
809,9.8,0.34,2,0.079,0.998,3.15,0.53,9.5
810,7.2,0,1.9,0.097,0.99675,3.37,0.58,9
811,12.3,0.63,2.3,0.091,1.0004,3.16,0.49,9.5
812,8.1,0.22,2.1,0.077,0.9967,3.29,0.51,9.2
813,12.5,0.54,2.3,0.082,0.9997,3.11,1.36,9.8
814,7.3,0.49,2.5,0.088,0.9966,3.36,0.78,11
815,11.4,0.69,2.1,0.09,1,3.17,0.62,9.2
816,7.5,0.2,1.7,0.076,0.99494,3.1,0.4,9.3
817,7.1,0.04,2.1,0.068,0.99712,3.44,0.67,9.8
818,8.5,0.4,4.7,0.055,0.99738,3.38,0.66,11.6
819,12.4,0.51,2,0.059,0.9994,3.04,0.6,9.3
820,7.3,0,2.5,0.075,0.998,3.49,0.52,9.2
821,6.8,0.02,2.1,0.078,0.99498,3.35,0.62,10.4
822,7.8,0.25,1.9,0.081,0.9984,3.43,0.65,9
823,7.2,0.13,2,0.076,0.99546,3.29,0.54,10.1
824,8.3,0.12,2.6,0.092,0.9994,3.51,0.72,10
825,8.4,0.53,1.8,0.413,0.9979,3.06,1.06,9.1
826,6.8,0,2.7,0.123,0.99538,3.44,0.63,11.3
827,8.3,0.15,1.8,0.089,0.9968,3.23,0.77,9.5
828,7.8,0.29,4.3,0.083,0.99642,3.16,0.53,9.4
829,10.4,0.55,3.2,0.076,0.9996,3.15,0.89,9.9
830,8,0.53,2.5,0.091,0.9976,3.37,0.8,9.6
831,10.7,0.39,2.2,0.106,0.9986,2.89,0.5,9.6
832,7,0.34,2.7,0.082,0.998,3.55,0.6,9.5
833,9,0.25,2.8,0.075,0.99779,3.23,0.57,9.7
834,8.9,0.37,1.7,0.263,0.9971,3,1.09,9.3
835,5.6,0,2.5,0.066,0.99256,3.52,0.58,12.9
836,7,0.07,2.5,0.091,0.99572,3.38,0.6,11.3
837,10,0.22,1.9,0.08,0.9974,3.13,0.55,9.5
838,8.2,0.27,2,0.095,0.99747,3.13,0.62,9.1
839,7.6,0.02,1.3,0.072,0.9965,3.17,1.08,9.2
840,7.7,0.2,2,0.047,0.9955,3.36,0.44,10.9
841,7.8,0.06,1.9,0.079,0.99628,3.4,0.69,10.9
842,9.7,0.46,2.1,0.074,0.99649,3.27,0.74,12.3
843,7.7,0.12,2.2,0.143,0.9964,3.35,0.65,10.2
844,7.4,0.16,1.8,0.078,0.9977,3.5,0.7,9.9
845,7.1,0.02,2.3,0.082,0.99744,3.55,0.53,9.7
846,7.4,0.34,1.8,0.075,0.9933,3.38,0.88,13.6
847,9.1,0.3,1.9,0.065,0.99774,3.32,0.71,10.5
848,7.5,0.18,7,0.088,0.99915,3.38,0.77,9.4
849,9.1,0.22,2.2,0.079,0.9976,3.18,0.51,9.6
850,9.9,0.28,2.6,0.078,0.998,3.28,0.51,9.8
851,6.4,0.02,1.8,0.067,0.997,3.46,0.68,9.5
852,5,0.24,2,0.06,0.9917,3.72,0.74,14
853,10,0.47,2,0.061,0.99585,3.23,0.52,12
854,6,0,1.4,0.057,0.99448,3.36,0.45,9.5
855,9.4,0.31,2.2,0.09,0.9966,3.07,0.63,10.5
856,5.6,0,2.1,0.041,0.99346,3.68,0.73,11.4
857,6.9,0.02,1.9,0.078,0.99712,3.4,0.75,9.8
858,6.9,0.19,1.7,0.079,0.99547,3.38,0.64,9.8
859,9.9,0.19,5.8,0.111,0.99878,3.14,0.55,9.4
860,7.8,0.01,2.6,0.074,0.99621,3.38,0.62,10.8
861,9.6,0.37,2.3,0.091,0.99786,3.24,0.56,10.5
862,6.5,0.23,8.3,0.051,0.9952,3.44,0.55,12.1
863,7.3,0.39,1.2,0.059,0.99331,3.29,0.52,11.5
864,8.8,0.64,2.2,0.093,0.9986,3.54,0.66,10.5
865,7.6,0.02,1.7,0.085,0.99589,3.37,0.51,10.4
866,8.7,0.24,2.5,0.226,0.9991,3.32,0.6,9
867,7.8,0.33,2.4,0.08,0.99655,3.3,0.6,9.5
868,7.8,0.12,2,0.082,0.997,3.37,0.5,9.4
869,7.5,0.03,1.8,0.095,0.995,3.35,0.54,10.1
870,8,0.44,1.9,0.098,0.9956,3.3,0.64,11.4
871,7.6,0.31,2.8,0.07,0.99693,3.22,0.55,10.3
872,6,0.19,2,0.075,0.99522,3.39,0.78,10
873,7.8,0,2.6,0.098,0.9968,3.2,0.68,9.8
874,6.6,0,2.2,0.1,0.99544,3.59,0.68,11.4
875,9.6,0.12,2.9,0.082,0.99865,3.3,0.64,10.4
876,7.9,0.23,1.8,0.077,0.9963,3.28,0.67,9.3
877,7.4,0.19,1.8,0.082,0.99655,3.49,0.68,10.5
878,11.5,0.51,4,0.104,0.9996,3.28,0.97,10.1
879,6.8,0.08,1.9,0.068,0.99651,3.42,0.82,9.5
880,12.5,0.6,2.6,0.081,0.9996,3.1,0.73,10.5
881,6.9,0,1.4,0.07,0.99438,3.32,0.58,11.4
882,8.4,0.4,1.7,0.067,0.99603,3.39,0.6,10.5
883,7.2,0.01,2.3,0.065,0.99332,3.32,0.51,11.8
884,7.8,0.01,1.6,0.077,0.995,3.16,0.46,9.8
885,8.3,0.12,2.3,0.083,0.9966,3.17,0.66,9.8
886,7.7,0.42,1.9,0.092,0.9959,3.23,0.59,9.5
887,8.5,0.2,2.8,0.09,0.998,3.34,0.7,9.6
888,6.4,0,2.2,0.065,0.99378,3.49,0.52,11.6
889,8.9,0.45,1.8,0.075,0.99552,3.41,0.76,11.9
890,6.6,0.04,2.3,0.068,0.99582,3.53,0.58,10.8
891,7.8,0.14,2.4,0.086,0.9975,3.42,0.6,10.8
892,6.4,0.14,3.9,0.07,0.99669,3.32,0.48,9.2
893,5,0.01,1.6,0.048,0.99084,3.7,0.75,14
894,9.3,0.45,1.5,0.057,0.99498,3.18,0.89,11.1
895,9.3,0.26,2,0.096,0.99738,3.25,0.42,9.6
896,12.6,0.66,2.6,0.088,1.001,3.17,0.68,9.8
897,8.8,0.49,2.8,0.083,0.9982,3.3,0.6,9.5
898,7.3,0.24,2,0.067,0.99576,3.43,0.54,10
899,6.1,0.1,2.6,0.053,0.99362,3.57,0.5,11.9
900,9.9,0.41,2.3,0.083,0.9982,3.21,0.5,9.5
901,10,0.4,2.9,0.098,1.0006,3.48,0.91,9.7
902,7.9,0.3,1.8,0.157,0.99727,3.31,0.91,9.5
903,6.9,0.24,2.5,0.083,0.9959,3.26,0.58,10
904,9.3,0.24,2.1,0.07,0.9966,3.12,0.59,9.9
905,7.1,0.02,2.3,0.082,0.99744,3.55,0.53,9.7
906,7.1,0.49,1.8,0.039,0.99344,3.39,0.56,12.4
907,8.6,0.09,3.3,0.068,0.99735,3.23,0.44,10
908,7.6,0.25,3.9,0.104,0.99784,3.15,0.57,9.1
909,4.7,0.17,2.3,0.058,0.9932,3.85,0.6,12.9
910,11.3,0.67,5.2,0.086,0.9988,3.22,0.69,13.4
911,11.9,0.53,3.4,0.128,0.9992,3.17,0.84,12.2
912,7.9,0.21,1.6,0.106,0.9966,3.17,0.91,9.5
913,6.5,0,2.2,0.096,0.99557,3.62,0.62,11.5
914,8.3,0.29,4.2,0.075,0.9965,3.45,0.68,11.5
915,7.5,0.41,2.4,0.065,0.99492,3.34,0.85,11.4
916,6.9,0.33,2.2,0.081,0.9949,3.41,0.75,11.1
917,6.8,0,2.7,0.123,0.99538,3.44,0.63,11.3
918,11.1,0.49,2.7,0.094,0.9986,3.12,1.02,10.6
919,6.9,0.02,1.9,0.078,0.99712,3.4,0.75,9.8
920,7.1,0.02,4.4,0.096,0.997,3.41,0.57,11
921,8.2,0.39,2.5,0.074,0.99528,3.32,0.88,12.4
922,8.1,0.22,2.2,0.078,0.99678,3.26,0.46,9.6
923,8.3,0.01,2.2,0.07,0.9967,3.32,0.58,11
924,9,0.25,2,0.104,0.99769,3.27,0.72,9.6
925,8.7,0.51,1.7,0.415,0.99623,3,1.17,9.2
926,6,0.05,1.9,0.066,0.99496,3.52,0.78,10.6
927,12.2,0.54,2.6,0.085,1,3.1,0.61,10.5
928,6.8,0.1,2.1,0.085,0.9956,3.34,0.52,10.2
929,10.2,0.63,2.9,0.072,0.9968,3.16,0.78,12.5
930,7.1,0.12,2.1,0.065,0.99252,3.3,0.53,13.3
931,10.3,0.5,4.5,0.107,0.998,3.28,0.83,11.5
932,6.8,0.03,1.7,0.084,0.9968,3.44,0.63,10
933,6.8,0.2,1.8,0.077,0.9971,3.54,0.58,9.3
934,6.4,0.02,1.8,0.067,0.997,3.46,0.68,9.5
935,9.8,0.47,2.5,0.063,0.9981,3.24,0.65,10.8
936,10.6,0.6,2.2,0.152,0.9986,3.04,1.06,9.4
937,7.5,0.02,2.6,0.077,0.99557,3.36,0.62,10.8
938,7.5,0.26,1.9,0.073,0.99612,3.3,0.53,9.8
939,11.5,0.71,4.4,0.124,0.9984,3.01,0.83,11.8
940,9.1,0.33,1.3,0.07,0.9978,3.24,0.6,9.3
941,10.4,0.46,1.8,0.075,0.9976,3.25,1.02,10.8
942,9,0.4,1.3,0.044,0.99478,3.2,0.83,10.9
943,7,0.02,2.1,0.066,0.9972,3.47,0.67,9.5
944,7.8,0.07,1.9,0.058,0.99525,3.51,0.43,10.7
945,7,0.12,1.8,0.114,0.99588,3.22,0.59,9.5
946,10.3,0.48,2.5,0.063,0.9998,3.12,0.59,9.3
947,8.3,0.4,2.4,0.065,0.99554,3.34,0.86,11
948,6.3,0.48,1.8,0.069,0.9959,3.44,0.78,10.3
949,5.6,0.37,1.4,0.074,0.9954,3.32,0.58,9.2
950,8,0.25,2,0.078,0.99612,3.3,0.48,10.2
951,8.2,0.4,2.2,0.058,0.99536,3.31,0.68,11.2
952,10.3,0.42,2,0.069,0.9982,3.16,0.72,11.5
953,11.9,0.49,2.7,0.098,1.0004,3.16,0.61,10.3
954,9.2,0.36,2.2,0.079,0.99615,3.33,0.86,12
955,8.1,0.36,2.2,0.048,0.995,3.27,1.01,12.4
956,7.6,0.29,2.3,0.086,0.99502,3.32,0.62,11.5
957,8.9,0.18,2.5,0.077,0.99739,3.2,0.47,9.7
958,9.5,0.22,1.9,0.077,0.9988,3.26,0.56,10.6
959,8.3,0.1,2.9,0.089,0.99803,3.29,0.55,9.5
960,9.4,0.53,2.4,0.074,0.9962,3.2,1.13,12
961,7.1,0,1.9,0.08,0.9972,3.47,0.55,9.4
962,12.4,0.49,4.6,0.073,0.9978,3.02,0.61,9.5
963,7.2,0.07,2.6,0.077,0.99748,3.51,0.54,9.7
964,6.1,0.01,2.1,0.056,0.99472,3.52,0.56,11.4
965,7.2,0.26,1.8,0.083,0.9968,3.4,0.58,9.5
966,6.6,0.15,2.1,0.076,0.9957,3.32,0.62,9.3
967,8.8,0.4,2.8,0.109,0.99614,3.31,0.79,11.8
968,9.5,0.24,2.7,0.092,0.998,3.12,0.74,10
969,7.7,0.28,2.1,0.087,0.998,3.42,0.74,9.2
970,10.6,0.45,2.6,0.119,0.99708,3.23,0.72,10.9
971,8.1,0.23,2.6,0.059,0.997,3.37,0.56,11.3
972,12.7,0.49,2.8,0.075,0.9994,3.14,0.57,11.4
973,9.3,0.39,1.5,0.08,0.99652,3.47,0.73,10.9
974,7.4,0.05,1.9,0.068,0.9961,3.42,0.57,11.5
975,9.9,0.07,3.4,0.102,1.00015,3.31,0.71,9.8
976,7.7,0.2,2,0.047,0.9955,3.36,0.44,10.9
977,10.4,0.49,2.1,0.2,0.9994,3.16,0.63,8.4
978,7.1,0.28,2.8,0.068,0.99682,3.24,0.53,10.3
979,10,0.24,2.7,0.102,1,3.28,0.56,10
980,7.3,0.1,2.6,0.068,0.99562,3.3,0.47,10.5
981,7,0,1.9,0.067,0.9979,3.6,0.81,9.9
982,8.6,0.11,2.3,0.084,0.9979,3.4,0.48,9.9
983,9.4,0.14,2,0.084,0.9981,3.14,0.56,9.7
984,7.8,0.32,2.8,0.08,0.9974,3.31,0.64,10.3
985,8.8,0.05,1.8,0.075,0.99616,3.3,0.44,9.6
986,6.6,0.08,2.6,0.106,0.99665,3.44,0.58,10.2
987,12.6,0.54,2.8,0.103,0.99939,3.21,0.76,11.3
988,11.5,0.59,2.6,0.087,0.9988,3.18,0.65,11
989,7.1,0,1.8,0.074,0.9972,3.47,0.7,9.9
990,8.6,0.4,2.2,0.079,0.99512,3.27,0.67,11.9
991,10.9,0.49,4.6,0.118,1.0002,3.07,0.56,11.7
992,7.5,0.2,2,0.073,0.99494,3.1,0.43,9.3
993,7.4,0.19,1.8,0.082,0.99655,3.49,0.68,10.5
994,7.2,0.3,2.1,0.083,0.997,3.44,0.52,9.4
995,7.9,0.23,2.3,0.076,0.99686,3.21,0.58,9.5
996,9.6,0.42,1.9,0.071,0.99659,3.15,0.75,10.5
997,7.1,0.03,2.6,0.076,0.99745,3.5,0.6,9.8
998,6.8,0.1,1.7,0.063,0.9958,3.41,0.67,9.7
999,5.8,0.66,2,0.039,0.99357,3.66,0.6,11.5
1000,8,0.37,0.9,0.049,0.99007,2.89,0.44,12.7
1001,7,0.3,1.8,0.065,0.99672,3.61,0.82,10
1002,8.2,0.21,1.7,0.074,0.9968,3.2,0.52,9.5
1003,10.6,0.37,2.6,0.086,0.9981,3.16,0.52,9.9
1004,8,0.44,1.8,0.081,0.99501,3.36,0.66,11.2
1005,7.7,0.76,1.8,0.611,0.9968,3.06,1.26,9.4
1006,7,0.02,2.1,0.066,0.9972,3.47,0.67,9.5
1007,10,0.5,3.4,0.107,0.9979,3.26,0.93,11.8
1008,6.9,0.23,2,0.072,0.99438,3.4,0.84,11.2
1009,7.3,0.09,1.7,0.178,0.9962,3.3,0.57,9
1010,12.3,0.49,2.2,0.089,1.0002,3.19,0.44,9.6
1011,7.8,0.01,1.6,0.077,0.995,3.16,0.46,9.8
1012,9.6,0.5,2.3,0.079,0.9997,3.5,0.57,9.7
1013,7.2,0.14,2.1,0.064,0.99323,3.35,0.61,12.1
1014,5.7,0.09,1.5,0.172,0.994,3.5,0.48,9.8
1015,6.4,0.12,2.3,0.12,0.99519,3.47,0.71,11.3
1016,6.6,0.31,6.1,0.083,0.99718,3.35,0.68,10.3
1017,7.5,0.36,6.1,0.071,0.9978,3.35,0.8,10.5
1018,6.4,0.15,1.8,0.078,0.99294,3.33,0.6,10.5
1019,8,0.36,2.3,0.075,0.9976,3.34,0.46,9.4
1020,8.1,0.44,1.5,0.042,0.99542,3.35,0.61,10.7
1021,7.5,0.02,1.7,0.084,0.99538,3.36,0.54,10.5
1022,9.2,0.24,2.6,0.078,0.99788,3.21,0.57,9.5
1023,7.9,0.29,1.8,0.157,0.9973,3.3,0.92,9.5
1024,6,0,1.4,0.057,0.99448,3.36,0.45,9.5
1025,10.2,0.58,4.1,0.092,0.99745,3.29,0.99,12
1026,6.2,0.09,2.5,0.081,0.99538,3.57,0.63,12
1027,7.3,0.18,2.1,0.07,0.99768,3.52,0.73,9.5
1028,7.3,0.23,2.3,0.066,0.99588,3.43,0.62,10.1
1029,6.2,0.17,1.6,0.073,0.99425,3.61,0.54,11.4
1030,9.1,0.42,1.8,0.058,0.99392,3.18,0.55,11.4
1031,6.7,0.12,2,0.086,0.9958,3.38,0.52,10.1
1032,8.4,0.12,1.8,0.072,0.99504,3.38,0.89,11.8
1033,7.7,0.3,2,0.062,0.9952,3.28,0.9,11.3
1034,4.9,0,2.1,0.048,0.99154,3.71,0.74,14
1035,6.6,0.14,2.4,0.064,0.99397,3.42,0.62,11.7
1036,8.2,0.32,2.5,0.08,0.99624,3.27,0.85,11
1037,5.6,0.09,2.3,0.049,0.9937,3.63,0.63,13
1038,9.8,0.39,2.5,0.079,0.99729,3.16,0.59,9.8
1039,7.6,0.29,2.1,0.075,0.99718,3.4,0.64,9.5
1040,8.1,0.22,2.2,0.069,0.9968,3.3,1.2,10.3
1041,6,0,2.1,0.064,0.995,3.54,0.93,10.7
1042,10.2,0.39,1.9,0.054,0.9976,3.17,0.47,10
1043,10.2,0.57,3.4,0.07,0.9971,3.04,0.63,9.6
1044,10.7,0.38,2.6,0.066,0.99577,3.15,0.79,12.1
1045,7.5,0.3,2.2,0.062,0.99495,3.44,0.72,11.5
1046,7,0,2.5,0.068,0.9969,3.48,0.56,9.6
1047,8,0.27,2,0.08,0.99652,3.29,0.48,9.8
1048,8.9,0.31,2,0.088,0.9957,3.17,0.55,10.4
1049,8.9,0.36,2.6,0.056,0.99562,3.4,0.69,11.8
1050,8.6,0.38,1.5,0.096,0.99666,3.2,0.52,9.4
1051,6.9,0.17,2.4,0.241,0.9961,3.4,0.59,10.3
1052,7.6,0.15,2.8,0.11,0.9955,3.17,0.63,10.2
1053,6.3,0.28,2.1,0.048,0.99374,3.41,0.6,12.8
1054,7.7,0.68,3.5,0.358,0.9972,3.25,1.08,9.9
1055,7.8,0.19,1.8,0.104,0.9964,3.19,0.93,9.5
1056,8,0.08,2.6,0.056,0.99286,3.22,0.37,13
1057,6.7,0.01,2.4,0.078,0.9955,3.55,0.61,12.8
1058,10.3,0.24,2.1,0.072,0.9956,3.22,0.66,12.8
1059,6.6,0.02,2.7,0.072,0.9955,3.58,0.89,12.3
1060,6.2,0.09,1.7,0.053,0.99402,3.54,0.6,11.3
1061,6.7,0.64,2.1,0.059,0.99494,3.34,0.71,11.2
1062,9.1,0,2.6,0.093,0.9994,3.36,0.86,9.4
1063,7.5,0.11,1.5,0.079,0.9968,3.42,0.58,9.6
1064,8.9,0.14,2.5,0.086,0.99824,3.34,0.64,10.5
1065,5.6,0.05,2.4,0.073,0.99258,3.56,0.55,12.9
1066,8.2,0.34,2.5,0.073,0.99594,3.4,0.78,11.3
1067,6.6,0.03,7.8,0.079,0.9963,3.52,0.5,12.2
1068,11.1,0.48,3.1,0.09,0.9986,3.17,0.53,10.5
1069,9.7,0.32,2.5,0.088,0.9979,3.29,0.62,10.1
1070,10.5,0.35,3.3,0.092,0.99798,3.21,0.69,10.5
1071,8.6,0.38,1.5,0.096,0.99666,3.2,0.52,9.4
1072,8.2,0.23,3.4,0.078,0.9976,3.28,0.62,9.4
1073,8,0.63,1.6,0.081,0.99588,3.3,0.78,10.8
1074,9.6,0.31,2.8,0.089,0.9979,3.11,0.92,10
1075,8.1,0,2.2,0.084,0.99656,3.25,0.5,9.8
1076,10.6,0.49,2.5,0.067,0.9987,3.26,0.86,10.7
1077,9.7,0.32,2.5,0.088,0.9979,3.29,0.62,10.1
1078,9.8,0.32,2.3,0.078,0.998,3.25,0.48,9.4
1079,14.3,0.74,1.8,0.075,1.0008,2.86,0.79,8.4
1080,10.8,0.3,2.6,0.132,0.99786,2.99,1.18,10.2
1081,7.1,0,1.8,0.074,0.9972,3.47,0.7,9.9
1082,7.3,0.36,5.9,0.074,0.9978,3.33,0.83,10.5
1083,11,0.58,2.1,0.054,0.998,3.31,0.88,10.5
1084,9.2,0.21,2.7,0.097,0.9988,3.28,0.58,9.6
1085,8.7,0.22,2.3,0.064,0.9963,3.1,0.55,9.4
1086,7.8,0.7,1.9,0.464,0.9974,3.13,1.28,9.4
1087,8.5,0.35,1.7,0.061,0.99524,3.3,0.74,11.8
1088,6.2,0.29,2.1,0.074,0.99578,3.33,0.62,9.8
1089,12.5,0.63,2,0.071,0.9988,2.99,0.87,10.2
1090,7.9,0.23,2.3,0.076,0.99686,3.21,0.58,9.5
1091,7.8,0.18,2.3,0.076,0.9975,3.43,0.59,10
1092,6.1,0.02,2.4,0.069,0.99358,3.47,0.45,11
1093,8.6,0.51,2,0.422,0.9979,3.03,1.17,9
1094,6.9,0.15,2.2,0.076,0.9961,3.41,0.59,10.1
1095,7.2,0.37,2.5,0.063,0.99439,3.52,0.8,12.4
1096,9,0.41,2,0.058,0.99414,3.22,0.6,12.2
1097,10,0.43,2.3,0.059,0.9966,3.15,0.57,11
1098,7.3,0.33,2.5,0.064,0.9952,3.35,0.77,12.1
1099,5.9,0.08,2.1,0.071,0.99376,3.56,0.77,11.1
1100,9.1,0.33,2.05,0.063,0.99516,3.26,0.84,11.7
1101,7,0.02,2.1,0.066,0.9972,3.47,0.67,9.5
1102,8.9,0.21,2.2,0.088,0.99692,3.33,0.83,11.1
1103,7.9,0,2,0.084,0.99619,3.33,0.68,10.9
1104,7.6,0.24,1.8,0.08,0.9962,3.28,0.59,9.5
1105,8.1,0.1,3.3,0.09,0.99855,3.36,0.49,9.5
1106,7.2,0.3,1.8,0.073,0.99685,3.42,0.59,9.5
1107,8.9,0.45,1.8,0.075,0.99552,3.41,0.76,11.9
1108,6.7,0.09,2.9,0.079,0.99669,3.46,0.61,10.2
1109,7,0.16,2.1,0.074,0.99606,3.37,0.55,9.7
1110,9,0.23,2.8,0.092,0.9983,3.1,0.56,9.2
1111,6.7,0.08,3.75,0.067,0.99334,3.43,0.52,12.6
1112,7.3,0.18,2.4,0.078,0.99638,3.31,0.54,9.8
1113,12,0.66,3,0.093,0.9996,3.18,0.63,10.8
1114,7.8,0.26,2,0.08,0.99622,3.21,0.52,9.9
1115,8.9,0.34,3,0.093,0.9998,3.38,0.61,9.5
1116,9.9,0.24,2.4,0.077,0.9974,3.09,0.57,9.4
1117,9,0.32,2.8,0.084,0.9984,3.32,0.62,9.4
1118,7.8,0.26,2,0.088,0.9981,3.41,0.74,9.2
1119,6.8,0.07,2.1,0.089,0.9953,3.47,0.55,10.4
1120,8.2,0.33,2.4,0.076,0.99599,3.27,0.81,11
1121,7.9,0.46,3.6,0.078,0.9973,3.35,0.86,12.8
1122,10.2,0.43,2.2,0.11,0.99728,3.16,0.67,10.8
1123,7.2,0.07,5.5,0.089,0.99684,3.37,0.68,11.2
1124,9.8,0.49,2.6,0.25,0.999,3.31,0.79,10.7
1125,7.6,0.31,1.7,0.079,0.99716,3.46,0.62,9.5
1126,8.6,0.36,3,0.081,0.997,3.2,0.56,9.4
1127,9.4,0.24,2.8,0.092,0.998,3.19,0.73,10
1128,7.6,0.23,2.3,0.111,0.9964,3.21,0.61,9.3
1129,8.3,0.3,3.4,0.079,0.99788,3.36,0.61,10.5
1130,6.7,0.13,2,0.076,0.9973,3.61,0.64,9.8
1131,10.2,0.65,2.4,0.075,0.99565,3.22,0.63,11.8
1132,7.2,0.03,2.3,0.078,0.99743,3.53,0.57,9.7
1133,10,0.59,2.2,0.077,0.9994,3.2,0.78,9.6
1134,7.4,0.08,4.4,0.086,0.9974,3.38,0.5,9
1135,9.5,0.1,2.1,0.079,0.9986,3.23,0.56,10.1
1136,7.1,0,2.2,0.067,0.99517,3.4,0.58,10.9
1137,8.2,0,2.2,0.089,0.9978,3.37,0.46,9.6
1138,7.5,0.31,1.6,0.08,0.9978,3.31,0.64,9
1139,8.2,0.38,2.5,0.08,0.9978,3.3,0.47,9
1140,7.3,0.3,2.4,0.074,0.9968,3.46,0.59,10.2
1141,7.2,0.46,2.1,0.074,0.99534,3.4,0.85,11
1142,6.9,0.14,2.4,0.085,0.9968,3.43,0.63,9.7
1143,7.9,0.24,2,0.072,0.996,3.27,0.54,9.4
1144,6.7,0.13,2,0.076,0.9973,3.61,0.64,9.8
1145,8,0.25,3.4,0.076,0.99668,3.19,0.42,9.2
1146,7.4,0.24,1.8,0.066,0.9956,3.37,0.62,10.4
1147,6.9,0.3,2.2,0.088,0.99725,3.25,1.18,10.5
1148,6.6,0.02,2.4,0.062,0.99627,3.54,0.6,11
1149,7.2,0.05,4.65,0.086,0.9962,3.41,0.39,10.9
1150,7.8,0.04,1.7,0.076,0.9964,3.33,0.56,10
1151,8.1,0,2.5,0.081,0.99798,3.38,0.46,9.6
1152,8.2,0.44,2.8,0.089,0.9975,3.53,0.61,10.5
1153,10,0.2,11,0.071,1.0015,3.16,0.69,9.2
1154,7.1,0.16,1.9,0.1,0.9966,3.27,0.64,9.3
1155,11.6,0.4,1.4,0.091,0.99704,3.07,0.65,10.03333333
1156,8.2,0.4,2.4,0.052,0.99356,3.33,0.7,12.8
1157,12,0.49,1.9,0.074,0.9976,2.98,0.66,9.9
1158,8.6,0.25,2,0.083,0.99815,3.28,0.6,10
1159,6.6,0,1.8,0.082,0.9936,3.5,0.44,11.9
1160,10.8,0.41,2.2,0.084,0.9984,3.08,0.67,9.3
1161,6.8,0.08,2.2,0.064,0.99553,3.3,0.65,9.6
1162,6.1,0.23,2.5,0.044,0.99352,3.46,0.65,12.5
1163,7.8,0.19,2,0.081,0.9962,3.32,0.54,9.5
1164,8.6,0.1,1.6,0.092,0.99745,3.31,0.65,9.55
1165,6.4,0.25,1.9,0.074,0.9974,3.57,0.62,9.8
1166,9.1,0.46,9,0.114,0.99901,3.18,0.6,10.9
1167,8.5,0.27,1.9,0.058,0.99518,3.16,0.85,11.1
1168,8.3,0.02,3.4,0.084,0.99892,3.48,0.49,11
1169,7.3,0.32,2.1,0.062,0.99728,3.3,0.65,10
1170,8,0.17,2,0.073,0.9972,3.29,0.61,9.2
1171,7.6,0.49,2.7,0.092,0.9971,3.31,0.61,10.1
1172,9.3,0.49,2.5,0.085,0.9978,3.22,0.55,9.4
1173,6.6,0.09,5.5,0.117,0.99655,3.35,0.49,10.8
1174,12.8,0.74,2.6,0.095,0.9994,3.2,0.77,10.8
1175,7.4,0.27,2.1,0.071,0.99388,3.35,0.63,12
1176,7.9,0.32,1.9,0.082,0.9968,3.2,0.55,9.5
1177,9.6,0.24,2.2,0.087,0.9988,3.14,0.6,10.2
1178,13.3,0.58,1.9,0.07,1.0004,3.06,0.49,9
1179,6.5,0.27,2.8,0.067,0.99384,3.21,0.56,12
1180,7.5,0.56,3.1,0.153,0.99476,3.21,1.03,11.6
1181,7.5,0.02,1.7,0.084,0.99538,3.36,0.54,10.5
1182,7.5,0.24,1.8,0.36,0.9964,3,1.59,9.5
1183,6.6,0,1.6,0.069,0.99396,3.33,0.37,10.4
1184,6.6,0.03,2.3,0.059,0.9952,3.52,0.56,12.3
1185,7.2,0.32,2,0.062,0.9947,3.23,0.73,11.3
1186,9.1,0.68,1.7,0.414,0.99652,2.9,1.33,9.1
1187,8.5,0.51,1.75,0.071,0.99524,3.33,0.76,11.8
1188,6.7,0.43,2.8,0.076,0.99572,3.42,1.16,10.6
1189,8.8,0.46,2.1,0.095,0.99488,3.26,0.56,11.3
1190,8.4,0.08,2.1,0.105,0.9958,3.13,0.52,11
1191,7.1,0.28,2,0.082,0.99694,3.45,0.48,9.4
1192,6.9,0.18,2.4,0.243,0.99612,3.4,0.6,10.3
1193,7.6,0.49,2,0.088,0.998,3.48,0.64,9.1
1194,7.3,0.05,2.1,0.061,0.99705,3.31,0.55,9.7
1195,7.1,0.42,5.5,0.07,0.9973,3.42,0.72,10.5
1196,8,0.24,2.8,0.083,0.99685,3.35,0.56,10
1197,10,0.54,1.9,0.083,0.99451,2.98,0.63,11.8
1198,7.3,0,2,0.084,0.9983,3.61,0.96,9.9
1199,8.7,0.45,2.4,0.072,0.99617,3.33,0.77,12
1200,8.6,0.27,2.3,0.055,0.99516,3.18,0.8,11.2
1201,6.4,0.21,1.8,0.081,0.99689,3.59,0.66,9.8
1202,7.8,0.37,2,0.082,0.9964,3.34,0.59,9.4
1203,8.2,0.27,2.1,0.088,0.9962,3.26,0.47,10
1204,7.4,0.26,2.1,0.083,0.99616,3.29,0.56,9.8
1205,12.3,0.49,2.2,0.089,1.0002,3.19,0.44,9.6
1206,10,0.45,6.2,0.071,0.99702,3.21,0.49,11.8
1207,7,0.1,1.4,0.071,0.996,3.28,0.61,9.2
1208,9.3,0.44,1.9,0.085,0.99708,3.28,0.55,9.5
1209,8.9,0.45,1.7,0.067,0.99354,3.25,0.55,12.3
1210,7.3,0.2,1.6,0.049,0.9935,3.38,0.57,11.7
1211,8.6,0.28,1.9,0.11,0.9972,2.93,1.95,9.9
1212,9.2,0.24,3.3,0.101,0.9988,3.26,0.67,9.6
1213,11.4,0.66,6.2,0.088,0.9988,3.11,0.99,13.3
1214,10.7,0.53,2.6,0.07,0.9972,3.15,0.65,11
1215,6.8,0.02,1.8,0.05,0.9962,3.48,0.52,9.5
1216,6.4,0.14,2.2,0.038,0.99514,3.44,0.65,11.1
1217,13,0.49,4.3,0.085,1.0021,3.3,0.68,12.7
1218,8.4,0.04,2,0.082,0.9976,3.22,0.44,9.6
1219,8,0.22,2.1,0.08,0.99613,3.3,0.49,9.9
1220,7.6,0.21,2.3,0.087,0.9955,3.12,0.44,9.2
1221,5.6,0,2.2,0.087,0.99378,3.71,0.63,12.8
1222,5.9,0.12,2,0.075,0.99547,3.57,0.71,10.2
1223,7.4,0.38,1.7,0.062,0.9968,3.41,0.53,9.5
1224,11.6,0.55,2.8,0.081,1.0002,3.32,0.92,10.8
1225,11.6,0.57,1.8,0.074,0.9981,3.14,0.7,9.9
1226,8.3,0.48,2.1,0.093,0.99408,3.26,0.62,12.4
1227,13.3,0.52,3.2,0.094,1.0014,3.05,0.81,9.5
1228,8.7,0.38,3.3,0.063,0.99468,3.3,0.73,12
1229,10.1,0.23,1.9,0.082,0.99774,3.22,0.65,9.3
1230,8.5,0.18,2.1,0.078,0.9967,3.2,0.48,9.8
1231,7,0.12,2.2,0.083,0.9966,3.52,0.62,10.2
1232,8.4,0.1,2.2,0.085,0.9964,3.15,0.66,9.8
1233,9.3,0.44,1.9,0.085,0.99708,3.28,0.55,9.5
1234,8.8,0.19,4,0.094,0.99787,3.22,0.5,10
1235,7.5,0.12,5.1,0.111,0.9983,3.26,0.77,9.4
1236,12.2,0.49,1.4,0.075,0.9969,3.13,0.63,10.4
1237,6.3,0.1,1.6,0.048,0.99306,3.55,0.51,12.1
1238,11.9,0.69,2.8,0.095,0.9994,3.1,0.61,10.8
1239,8.9,0.45,1.8,0.075,0.99552,3.41,0.76,11.9
1240,9.6,0.23,3.4,0.102,0.9996,3.3,0.65,10.1
1241,8,0.43,1.7,0.067,0.9946,3.38,0.6,11.9
1242,9.2,0.1,3,0.091,0.99888,3.31,0.54,9.5
1243,7.9,0.42,2,0.086,0.99546,3.35,0.6,11.4
1244,8,0.32,2.5,0.08,0.99801,3.22,1.07,9.7
1245,7.4,0.26,2.1,0.083,0.99616,3.29,0.56,9.8
1246,8.1,0.09,2.8,0.084,0.9994,3.43,0.72,11.1
1247,7,0.32,3.6,0.061,0.99416,3.28,0.49,11.3
1248,7.5,0.03,4.1,0.08,0.99592,3.02,0.47,9.2
1249,9.7,0.6,2,0.039,0.99585,3.3,0.86,12.4
1250,8.2,0,2.5,0.093,1.0002,3.5,0.65,9.3
1251,10.5,0.51,1.7,0.08,0.9982,3.2,0.89,9.4
1252,7.5,0.07,2.5,0.058,0.99632,3.38,0.55,10.9
1253,8.9,0.35,1.9,0.067,0.997,3.18,1.36,10.3
1254,8.8,0.19,4,0.094,0.99787,3.22,0.5,10
1255,9,0.31,2.7,0.084,0.9984,3.31,0.61,9.4
1256,9.8,0.49,2.7,0.088,0.9982,3.42,0.9,10
1257,7.5,0.2,8.1,0.098,0.99892,3.2,0.58,9.2
1258,7.4,0.43,2.6,0.082,0.99708,3.33,0.68,9.7
1259,7.7,0.43,2.2,0.114,0.997,3.25,0.73,9.2
1260,9.9,0.26,2,0.111,0.99709,2.94,0.98,10.2
1261,9,0.05,2.4,0.081,0.99814,3.36,0.53,10
1262,10.8,0.33,2.5,0.099,0.99818,3.24,0.71,10.8
1263,6.8,0.05,2,0.07,0.99562,3.51,0.66,10.8
1264,7.3,0.47,2.1,0.077,0.9958,3.33,0.53,10.3
1265,7.5,0.27,2,0.083,0.99616,3.26,0.58,9.8
1266,7.5,0.2,2.6,0.332,0.9968,3.21,0.9,10.5
1267,7.9,0.49,2.2,0.096,0.99714,3.31,0.67,10.1
1268,7.2,0.54,2.1,0.114,0.99719,3.33,0.57,10.3
1269,9,0.17,3,0.077,0.9976,3.29,0.55,10.4
1270,8.1,0.52,2,0.122,0.9969,3.21,0.69,9.3
1271,7.2,0.3,1.8,0.073,0.99685,3.42,0.59,9.5
1272,7.6,0,2.1,0.068,0.99533,3.48,0.65,11.4
1273,7.4,0.13,2.4,0.078,0.99528,3.43,0.59,10.8
1274,7,0.08,2,0.093,0.9956,3.4,0.47,10
1275,7.2,0.02,1.9,0.096,0.995,3.46,0.53,11.8
1276,8.5,0.31,2.25,0.078,0.998,3.33,0.54,9.8
1277,9.9,0.45,2.3,0.071,0.9991,3.39,0.62,9.4
1278,5.1,0.02,1.3,0.034,0.9921,3.9,0.62,12.8
1279,7.6,0.06,2.5,0.079,0.9967,3.39,0.56,9.8
1280,9.3,0.57,2,0.074,0.9969,3.28,0.79,10.7
1281,5.8,0.02,1.8,0.087,0.9944,3.54,0.52,10
1282,7.3,0.1,1.8,0.074,0.99672,3.35,0.56,9.2
1283,6.8,0,3,0.102,0.9965,3.45,0.56,10.7
1284,11.6,0.66,3.65,0.121,0.9978,3.05,0.74,11.5
1285,6.8,0.22,2.3,0.071,0.99438,3.41,0.83,11.3
1286,8.4,0.6,2.1,0.112,0.9973,3.2,0.52,9.2
1287,7.6,0.6,2.6,0.073,0.99656,3.38,0.79,11.1
1288,9.3,0.27,2.8,0.078,0.9984,3.31,0.67,10.6
1289,8.8,0.49,2.9,0.085,0.9982,3.29,0.6,9.8
1290,8,0.3,1.9,0.074,0.99717,3.39,0.61,9
1291,8.7,0.28,2.7,0.096,0.99734,3.26,0.63,10.2
1292,15,0.44,2.2,0.075,1.00005,3.07,0.84,9.2
1293,6.6,0.02,2.1,0.115,0.99654,3.38,0.69,9.5
1294,8.9,0.49,2,0.27,0.9972,3.12,1.02,9.3
1295,7.6,0.11,2.6,0.079,0.9968,3.21,0.57,10
1296,8.4,0.29,3.1,0.194,0.99536,3.22,0.78,12
1297,8,0,2.6,0.08,0.9976,3.44,0.53,9.5
1298,7.1,0.01,2.5,0.077,0.99746,3.55,0.59,9.8
1299,7,0.35,1.6,0.088,0.9961,3.34,0.55,9.2
1300,15.9,0.65,7.5,0.096,0.9976,2.98,0.84,14.9
1301,8.2,0.6,3,0.104,0.99828,3.39,0.68,10.6
1302,12.8,0.66,5.8,0.083,1.0022,3.07,0.73,10
1303,10,0.38,1.6,0.169,0.99914,3.15,0.65,8.5
1304,8.3,0.3,2.1,0.084,0.9972,3.4,0.61,10.2
1305,9.5,0.44,2.3,0.071,0.9992,3.46,0.63,9.5
1306,10.6,0.39,15.5,0.069,1.0026,3.12,0.66,9.2
1307,8.2,0.27,2,0.095,0.99747,3.13,0.62,9.1
1308,9,0.04,1.9,0.146,0.9984,3.16,0.7,9.4
1309,7.7,0.01,2.1,0.064,0.99371,3.41,0.57,11.8
1310,7.3,0.36,5.9,0.074,0.9978,3.33,0.83,10.5
1311,10.2,0.39,1.9,0.054,0.9976,3.17,0.47,10
1312,9.8,0.39,1.7,0.062,0.9948,3.14,0.57,11.5
1313,7.5,0.14,2.2,0.077,0.9963,3.28,0.59,9.8
1314,9.1,0.3,1.9,0.065,0.99774,3.32,0.71,10.5
1315,8.2,0.09,2.3,0.065,0.99685,3.32,0.55,9
1316,6.6,0,2.1,0.075,0.9968,3.49,0.67,9.2
1317,8.2,0.42,1.9,0.069,0.99376,3.21,0.54,12.3
1318,12.7,0.45,2.3,0.082,1,3,0.7,9.3
1319,9.9,0.45,2.3,0.071,0.9991,3.39,0.62,9.4
1320,5.9,0,1.9,0.077,0.99385,3.5,0.53,11.2
1321,7.1,0.01,2.3,0.079,0.99514,3.4,0.61,10.9
1322,8.1,0,2.2,0.084,0.99656,3.25,0.5,9.8
1323,7.8,0,1.7,0.07,0.99659,3.26,0.64,9.4
1324,8.4,0.42,2.1,0.072,0.99392,3.11,0.78,12.4
1325,9.4,0.33,2.3,0.061,0.99786,3.47,0.9,10.2
1326,8.1,0.28,1.7,0.368,0.9968,3.11,1.28,9.3
1327,7.4,0.19,3,0.077,0.9966,3.37,0.51,10.5
1328,7.2,0.06,2.7,0.077,0.99746,3.51,0.54,9.5
1329,12.2,0.5,2.4,0.066,1,3.12,1.18,9.2
1330,6,0.32,12.9,0.054,0.99572,3.3,0.56,11.5
1331,7.2,0.13,2,0.076,0.99546,3.29,0.54,10.1
1332,9.5,0.52,2,0.082,0.998,3.18,0.51,9.5
1333,5.5,0.03,1.8,0.044,0.9908,3.5,0.82,14
1334,7.8,0.09,2.3,0.065,0.99417,3.46,0.74,12.7
1335,8.3,0.1,2.9,0.089,0.99803,3.29,0.55,9.5
1336,7.6,0.33,2.5,0.078,0.9957,3.3,0.58,11.2
1337,6.8,0.1,1.7,0.063,0.9958,3.41,0.67,9.7
1338,9.3,0.44,1.6,0.038,0.99526,3.24,0.81,10.8
1339,11.3,0.5,1.8,0.09,0.99734,3.15,0.57,10.5
1340,6.8,0.06,6,0.06,0.9962,3.41,0.59,10.8
1341,12.9,0.55,2.8,0.072,1.00012,3.09,0.68,10.9
1342,10.9,0.49,2.8,0.088,0.9972,3.22,0.68,11.7
1343,7.9,0.51,1.8,0.341,0.9969,3.04,1.08,9.2
1344,7.4,0.19,5.2,0.094,0.99713,3.16,0.52,9.6
1345,10.2,0.49,2.6,0.059,0.9976,3.05,0.74,10.5
1346,9.4,0.11,2.7,0.077,0.9984,3.19,0.7,10.1
1347,8.4,0.32,2.2,0.081,0.9964,3.3,0.72,11
1348,7.2,0.36,2,0.081,0.9972,3.48,0.64,9.2
1349,7.8,0.35,2.2,0.074,0.9974,3.25,0.56,9.2
1350,10.3,0.44,2.4,0.214,0.9994,3.19,0.63,9.5
1351,10.4,0.45,2,0.08,0.99774,3.22,0.76,11.4
1352,7.8,0.42,2,0.086,0.99526,3.39,0.66,11.6
1353,15.5,0.49,4.2,0.095,1.00315,2.92,0.74,11.1
1354,7.2,0.04,2.5,0.076,0.99745,3.53,0.55,9.5
1355,9.9,0.46,1.7,0.062,0.9959,3.18,0.83,10.6
1356,6.8,0.29,4.8,0.07,0.99577,3.53,0.54,11.1
1357,9,0.24,1.7,0.078,0.99692,3.29,0.67,10
1358,7.8,0.68,1.7,0.415,0.99656,3.09,1.06,9.1
1359,8.8,0.29,2.2,0.098,0.9988,3.36,0.49,9.1
1360,11.7,0.47,1.7,0.054,0.99686,3.15,0.67,10.6
1361,8.7,0.24,2.5,0.226,0.9991,3.32,0.6,9
1362,7.8,0.04,2.3,0.092,0.997,3.26,0.65,9.8
1363,7,0,1.7,0.052,0.996,3.41,0.47,10.3
1364,7.8,0.19,2.1,0.081,0.9962,3.33,0.54,9.5
1365,7.3,0.18,2.1,0.07,0.99768,3.52,0.73,9.5
1366,6.6,0.01,1.9,0.08,0.99746,3.69,0.73,10.5
1367,11.6,0.64,2.1,0.059,0.998,3.21,0.67,10.2
1368,11.1,0.53,2.2,0.06,0.99572,3.02,0.83,10.9
1369,9.9,0.55,1.7,0.136,0.99752,3.35,0.94,10
1370,9.3,0.44,2.1,0.107,0.9978,3.14,1.22,9.5
1371,6.4,0.21,2.2,0.047,0.99661,3.47,0.77,9.7
1372,6.3,0.15,1.8,0.077,0.99314,3.32,0.82,11.6
1373,11.9,0.58,1.9,0.071,0.998,3.09,0.63,10
1374,7,0.49,5.6,0.06,0.9974,3.34,0.76,10.5
1375,8,0.06,1.8,0.078,0.99625,3.37,0.52,9.9
1376,7.7,0.04,3.8,0.084,0.9978,3.34,0.53,9.5
1377,7.6,0,2.1,0.137,0.99476,3.5,0.4,10.9
1378,6.6,0,4.3,0.093,0.99558,3.2,0.45,9.5
1379,5.6,0.04,1.7,0.049,0.9942,3.72,0.58,11.4
1380,8.1,0.23,2.6,0.059,0.997,3.37,0.56,11.3
1381,7.2,0.07,1.4,0.074,0.9973,3.32,0.81,9.6
1382,7,0.28,4.8,0.085,0.99633,3.32,0.7,11
1383,7.4,0,2.2,0.088,0.99756,3.58,0.67,10.2
1384,5.6,0.03,1.5,0.08,0.99498,3.66,0.62,10.1
1385,5,0.24,1.6,0.05,0.9934,3.74,0.62,11.5
1386,11.4,0.44,3.6,0.071,0.9986,3.12,0.82,9.3
1387,7.6,0.14,3,0.087,0.9964,3.32,0.57,10.5
1388,8.5,0.42,2.3,0.075,0.99434,3.14,0.71,11.8
1389,9.4,0.53,2.4,0.074,0.9962,3.2,1.13,12
1390,7.7,0.1,2.1,0.112,0.9963,3.26,0.5,9.5
1391,8,0.22,2.3,0.075,0.99688,3.24,0.54,9.5
1392,7.6,0.24,2.4,0.091,0.998,3.47,0.66,9.6
1393,7.2,0.31,2,0.056,0.99472,3.23,0.76,11.3
1394,5.6,0.09,2.3,0.049,0.9937,3.63,0.63,13
1395,7.5,0.26,1.9,0.073,0.99612,3.3,0.53,9.8
1396,6.9,0.04,3,0.077,0.9987,3.69,0.91,9.4
1397,8,0.22,2.3,0.075,0.99688,3.24,0.54,9.5
1398,12.5,0.49,4.3,0.1,1.001,3.25,0.74,11.9
1399,8.7,0.02,1.2,0.07,0.9952,3.2,0.58,9.8
1400,7.4,0.17,5.4,0.168,0.99736,3.28,0.5,9.5
1401,9.6,0.5,2.3,0.079,0.9997,3.5,0.57,9.7
1402,8.9,0.5,2,0.337,0.9964,3.04,1.61,9.5
1403,9.6,0.28,2.4,0.086,0.9979,3.24,0.53,9.4
1404,7.1,0.42,5.5,0.07,0.9973,3.42,0.72,10.5
1405,7.5,0,2.4,0.077,0.9965,3.32,0.6,10
1406,7.5,0.02,1.7,0.084,0.99538,3.36,0.54,10.5
1407,8.3,0.49,3.8,0.09,0.99498,3.27,0.64,12.1
1408,6.4,0.03,3.2,0.071,0.995,3.61,0.49,12.7
1409,8.8,0.14,2.4,0.067,0.9969,3.19,0.59,9.5
1410,6.9,0.03,2.3,0.054,0.99508,3.45,0.63,11.5
1411,6.5,0.03,5.6,0.079,0.99572,3.58,0.5,11.2
1412,10.1,0.37,5.1,0.11,1.0026,3.32,0.64,10.4
1413,8.3,0.42,2.3,0.07,0.99426,3.38,0.77,12.7
1414,8.2,0,1.7,0.081,0.9964,3.53,0.49,10.9
1415,10.8,0.46,2.5,0.073,1.0001,3.05,0.64,9.5
1416,6,0,1.4,0.057,0.99448,3.36,0.45,9.5
1417,6.6,0.02,2.4,0.062,0.99627,3.54,0.6,11
1418,8.3,0.42,2,0.08,0.9974,3.21,0.8,9.4
1419,9.2,0.18,2.2,0.148,0.9969,2.87,1.36,10.2
1420,6.5,0.14,2.4,0.114,0.99732,3.66,0.65,9.8
1421,7,0.18,1.5,0.062,0.9951,3.08,0.6,9.3
1422,8.8,0.39,2,0.1,0.99546,3.15,0.69,11.2
1423,7.2,0.26,2,0.083,0.99586,3.26,0.52,9.9
1424,7.9,0.34,2.5,0.076,0.99235,3.2,0.72,13.1
1425,5,0.5,4.3,0.046,0.9902,3.49,0.66,13.6
1426,9.4,0.46,4.6,0.094,0.99639,3.27,0.64,12.2
1427,6.8,0.21,2.1,0.07,0.99546,3.38,0.6,10.3
1428,8.3,0.1,2.9,0.089,0.99803,3.29,0.55,9.5
1429,9.4,0.56,2.8,0.08,0.9964,3.15,0.92,11.7
1430,12.5,0.49,2.4,0.064,0.9999,3.08,0.87,10.9
1431,7,0,2.1,0.079,0.9956,3.39,0.84,11.4
1432,11,0.48,2,0.343,0.9979,3.3,0.71,10.5
1433,9,0.49,2.4,0.078,0.9978,3.23,0.58,9.2
1434,6.2,0.06,1.6,0.05,0.99348,3.57,0.54,11.95
1435,10.2,0.37,15.4,0.214,1.00369,3.18,0.77,9
1436,7.2,0.24,2.2,0.07,0.996,3.33,0.48,9.4
1437,8.9,0.4,2.2,0.068,0.99486,3.27,0.75,12.6
1438,8,0.28,3.2,0.066,0.9973,3.22,0.54,9.4
1439,7.8,0.26,1.9,0.088,0.9981,3.43,0.74,9.2
1440,6.8,0.12,3.8,0.099,0.9969,3.28,0.61,9.5
1441,6.7,0.08,1.8,0.097,0.9959,3.28,0.54,9.2
1442,11.3,0.45,2,0.082,0.9988,2.94,0.66,9.2
1443,9.5,0.26,1.9,0.079,0.99712,3.25,0.62,10
1444,6.6,0.01,1.5,0.06,0.9952,3.4,0.58,9.8
1445,7,0.09,2.1,0.062,0.99584,3.35,0.54,10.5
1446,6.2,0.39,2.5,0.077,0.99555,3.51,0.69,11
1447,9,0.24,1.7,0.078,0.99692,3.29,0.67,10
1448,11.2,0.5,2,0.099,0.99783,3.1,0.58,10.4
1449,7.4,0,2,0.064,0.99562,3.45,0.58,11.3
1450,7.5,0.16,1.9,0.085,0.9968,3.38,0.62,9.5
1451,6.3,0.19,3.2,0.075,0.9956,3.56,0.52,12.7
1452,9.1,0,2.6,0.096,0.9994,3.35,0.83,9.4
1453,11.5,0.48,2.6,0.077,0.99852,3.09,0.53,11
1454,7.9,0.4,1.8,0.062,0.9941,3.28,0.7,11.1
1455,7.2,0.18,2.7,0.069,0.9967,3.29,0.48,9.2
1456,7.7,0.26,1.9,0.062,0.9966,3.39,0.64,9.6
1457,7.2,0.07,1.4,0.074,0.9973,3.32,0.81,9.6
1458,6.7,0.02,1.9,0.064,0.99472,3.3,0.56,10.75
1459,6.6,0.04,2.2,0.066,0.99636,3.53,0.56,9.9
1460,9.1,0.57,4.6,0.08,0.99652,3.28,0.57,12.5
1461,10,0.11,1.4,0.084,0.99578,2.88,0.47,9.7
1462,7.6,0.32,2.2,0.082,0.9966,3.36,0.52,9.4
1463,6.9,0.1,2.3,0.074,0.9959,3.42,0.58,10.2
1464,10.1,0.4,2.6,0.092,0.99834,3.22,0.64,10
1465,9.1,0.41,2,0.068,0.99523,3.27,0.85,11.7
1466,9.6,0.24,2.2,0.087,0.9988,3.14,0.6,10.2
1467,8.3,0.39,2.4,0.078,0.99444,3.31,0.77,12.5
1468,13.5,0.79,4.8,0.12,1.0018,3.18,0.77,13
1469,6.3,0,2,0.083,0.99437,3.59,0.55,11.2
1470,6.4,0,1.65,0.055,0.99162,3.47,0.53,12.9
1471,5.1,0,1.7,0.044,0.99264,3.56,0.94,12.9
1472,7.1,0,2.2,0.078,0.99522,3.42,0.68,10.8
1473,5.2,0,2.15,0.08,0.99444,3.78,0.61,12.5
1474,7.7,0.05,2.7,0.075,0.9974,3.26,0.61,9.1
1475,10.2,0.49,2.4,0.075,0.9978,3.14,0.61,10.4
1476,8.1,0.18,1.9,0.08,0.9972,3.3,0.59,9
1477,11.9,0.66,2.5,0.072,0.9992,3.05,0.56,10
1478,9.1,0.11,2.8,0.093,0.99888,3.31,0.55,9.5
1479,9.2,0.31,2.3,0.112,0.99699,3.24,0.56,10.9
1480,11.5,0.49,3.3,0.07,1.0003,3.32,0.91,11
1481,9.1,0.23,3.1,0.095,0.9998,3.28,0.59,9.7
1482,5.9,0,1.6,0.042,0.9944,3.48,0.85,11.7
1483,7.2,0.06,2.5,0.078,0.99746,3.51,0.53,9.7
1484,7.4,0.46,2.2,0.114,0.99647,3.32,0.63,10.5
1485,9.6,0.47,1.4,0.056,0.99695,3.22,0.82,10.3
1486,7.9,0.32,1.9,0.066,0.99364,3.41,0.56,12.6
1487,7.5,0.4,2.2,0.06,0.99474,3.26,0.64,11.8
1488,10.4,0.48,1.9,0.066,0.99724,3.33,0.87,10.9
1489,7.7,0.01,1.8,0.088,0.99568,3.32,0.56,10.5
1490,9.1,0.34,2,0.071,0.99769,3.44,0.86,10.2
1491,9,0.49,2.9,0.094,0.9982,3.08,0.61,9.2
1492,11.6,0.4,1.4,0.091,0.99704,3.07,0.65,10.03333333
1493,8.6,0.24,6.6,0.117,1.0014,3.32,1.07,9.3
1494,10.7,0.22,2.7,0.107,1.0004,3.28,0.98,9.9
1495,10,0.59,2.2,0.077,0.9994,3.2,0.78,9.6
1496,9.8,0.19,3.2,0.081,0.9984,3.23,0.58,10.5
1497,8.7,0.1,1.6,0.09,0.99745,3.31,0.65,9.55
1498,7.7,0.18,2.4,0.083,0.9963,3.29,0.6,10.2
1499,11.5,0.6,2,0.067,0.9981,3.11,0.97,10.1
1500,6.6,0.02,7.9,0.122,0.9994,3.47,0.53,9.9